YEAR,SITE,TRANSECT,Anomia_PERCENT_COVER,Asterias rubens_QUAD,Barnacle_PERCENT_COVER,bedrock_PERCENT_COVER,Botrylloides violaceus_PERCENT_COVER,Botryllus schlosseri_PERCENT_COVER,boulder (>100cm)_PERCENT_COVER,boulder (25-50cm)_PERCENT_COVER,boulder (50-100cm)_PERCENT_COVER,Cancer borealis_SWATH,Cancer irroratus_SWATH,Chondrus crispus_PERCENT_COVER,Cliona_PERCENT_COVER,cobble (<25cm)_PERCENT_COVER,Corallina officinalis_PERCENT_COVER,Crepidula fornicata_PERCENT_COVER,Dasysiphonia japonica_PERCENT_COVER,Desmarestia aculeata_PERCENT_COVER,Desmarestia viridis_PERCENT_COVER,Desmarestia viridis_QUAD,Diatom Tube Mat_PERCENT_COVER,Didemnum vexillum_PERCENT_COVER,Encrusting coralline_PERCENT_COVER,Hildenbrandia rubra_PERCENT_COVER,Homarus americanus_SWATH,Lithophyllum_SWATH,Mastocarpus stellatus_PERCENT_COVER,Membranipora membranacea_PERCENT_COVER,Myoxocephalus_SWATH,Mytilus edulis_PERCENT_COVER,Patinella verrucaria_PERCENT_COVER,pebbles (<5cm)_PERCENT_COVER,Pholis gunnellus_SWATH,Phycodrys rubens_PERCENT_COVER,Pollachius virens_FISH,Polysiphonia_PERCENT_COVER,Red Algal Turf_PERCENT_COVER,Saccharina latissima_PERCENT_COVER,Saccharina latissima_QUAD,sand (>1cm)_PERCENT_COVER,shallow sand (<1cm)_PERCENT_COVER,shell debris_PERCENT_COVER,Unidentified Red Blade_PERCENT_COVER,Ceramium_PERCENT_COVER,Cystoclonium purpureum_PERCENT_COVER,Halichondria (Halichondria) panicea_PERCENT_COVER,Tautogolabrus adspersus_FISH,UNID Juv Laminariales_QUAD,Amphipod tube mat_PERCENT_COVER,Asterias forbesi_PERCENT_COVER,Asterias forbesi_QUAD,Cyclopterus lumpus_SWATH,Henricia sanguinolenta_QUAD,Leucosolenia_PERCENT_COVER,Lithothamnion_PERCENT_COVER,Myoxocephalus_QUAD,Porphyra_PERCENT_COVER,Tricellaria inopinata_PERCENT_COVER,Unidentified Erect Coralline_PERCENT_COVER,Urophycis regia_FISH,Aplidium pallidum_PERCENT_COVER,Lithophyllum_PERCENT_COVER,No Fish_FISH,Pholis gunnellus_QUAD,Polyides rotunda_PERCENT_COVER,Bonnemaisonia hamifera_PERCENT_COVER,Cancer irroratus_QUAD,Metridium senile pallidus_SWATH,Strongylocentrotus droebachiensis_QUAD,UNID Juv Laminariales_PERCENT_COVER,Unidentified Filamentous Red_PERCENT_COVER,Ahnfeltia plicata_PERCENT_COVER,Palmaria palmata_PERCENT_COVER,Blady Ulvoid_PERCENT_COVER,Busycotypus canaliculatus_SWATH,Halosiphon tomentosus_SWATH,Hemitripterus americanus_QUAD,Phymatolithon_PERCENT_COVER,Spermothamnion repens_PERCENT_COVER,NA_SWATH,Asterias forbesi_SWATH,Asterias rubens_SWATH,Desmarestia aculeata_QUAD,Euthora cristata_PERCENT_COVER,Henricia sanguinolenta_SWATH,Laminaria digitata_PERCENT_COVER,Styela clava_QUAD,Ulvaria_QUAD,Unidentified Arborescent Bryozoans_PERCENT_COVER,Bugulina spicata_PERCENT_COVER,Crisularia turrita_PERCENT_COVER,Laminaria digitata_QUAD,Sabella_PERCENT_COVER,Ulvaria_SWATH,Agarum clathratum_QUAD,Dendrodoa carnea_PERCENT_COVER,Carcinus maenas_SWATH,Obelia_PERCENT_COVER,Unidentified Compound tunicate_PERCENT_COVER,Crisia eburnea_PERCENT_COVER,Unidentified Hydroid_PERCENT_COVER,NA_PERCENT_COVER,Electra pilosa_PERCENT_COVER,Cancer borealis_QUAD,Homarus americanus_QUAD,Pachycerianthus borealis_SWATH,Agarum clathratum_PERCENT_COVER,Boltenia echinata_QUAD,Ptilota serrata_PERCENT_COVER,Saccorhiza dermatodea_QUAD,Buccinum undatum_QUAD,Diplosoma listerianum_PERCENT_COVER,Tubular Ulvoid_PERCENT_COVER,Myoxocephalus octodecemspinosus_SWATH,Dendrobeania murrayana_PERCENT_COVER,Metridium senile pallidus_QUAD,Ciona savignyi_PERCENT_COVER,Boreochiton ruber_PERCENT_COVER,Ophiopholis aculeata_PERCENT_COVER,Ascophyllum nodosum_QUAD,Colpomenia peregrina_QUAD,Echinarachnius parma_QUAD,Codium fragile_QUAD,Testudinalia testudinalis_PERCENT_COVER,Coccotylus truncatus_PERCENT_COVER,Leptophytum acervatum_PERCENT_COVER,Schizoporella unicornis_PERCENT_COVER,Clathromorphum circumscriptum_PERCENT_COVER,Hemitripterus americanus_SWATH,NA_QUAD,Bugula neritina_PERCENT_COVER,Modiolus modiolus_PERCENT_COVER,Tautoga onitis_FISH,Filamentous Green_PERCENT_COVER,Thylacodes_PERCENT_COVER,Ectopleura_PERCENT_COVER,Myoxocephalus scorpius_SWATH,Abietinaria abietina_PERCENT_COVER,Dumontia contorta_PERCENT_COVER,Sertularia_PERCENT_COVER,Cucumaria frondosa_QUAD,Codium fragile_PERCENT_COVER,Encrusting Sponge_PERCENT_COVER,Pseudopleuronectes americanus_FISH,Ascophyllum nodosum_PERCENT_COVER,Chorda filum_SWATH,Halosiphon tomentosus_PERCENT_COVER,Saccorhiza dermatodea_PERCENT_COVER,Alaria esculenta_PERCENT_COVER,Urticina felina_QUAD,Alaria esculenta_QUAD,Buccinum undatum_SWATH,Cancer borealis_PERCENT_COVER,Palmaria palmata_QUAD,Scophthalmus aquosus_SWATH,Strongylocentrotus droebachiensis_SWATH,Stenosemus albus_PERCENT_COVER,Tautogolabrus adspersus_SWATH,Colpomenia peregrina_PERCENT_COVER,Didemnum albidum_PERCENT_COVER,Halosiphon tomentosus_QUAD,Schizomavella auriculata biaviculifera_PERCENT_COVER,Metridium senile pallidus_PERCENT_COVER,Halisarca dujardinii_PERCENT_COVER,Isodictya palmata_PERCENT_COVER,Astrangia poculata_PERCENT_COVER,Boltenia ovifera_QUAD,Busycon carica_QUAD,Callinectes sapidus_SWATH,Centropristis striata_FISH,Champia parvula_PERCENT_COVER,Ectocarpus_PERCENT_COVER,Stenotomus chrysops_FISH,Grinnellia americana_PERCENT_COVER,Hydroides dianthus_PERCENT_COVER,Paralichthys dentatus_FISH,Psolus fabricii_QUAD,Edwardsiella lineata_PERCENT_COVER,Cucumaria frondosa_SWATH,Caberea ellisii_PERCENT_COVER,Halocynthia pyriformis_PERCENT_COVER,Ostrea edulis_PERCENT_COVER,Placopecten magellanicus_QUAD,Tautogolabrus adspersus_QUAD,Strongylocentrotus droebachiensis_PERCENT_COVER,Gersemia rubiformis_SWATH,Hyas coarctatus_SWATH,Solaster endeca_SWATH,Ciona intestinalis_PERCENT_COVER,Arthrocladia villosa_PERCENT_COVER,Morone saxatilis_FISH,Chorda filum_PERCENT_COVER,Astrangia poculata_SWATH,Unidentified anemone_SWATH,Arbacia punctulata_SWATH,Zostera (Zostera) marina_PERCENT_COVER,Haliclystus_PERCENT_COVER,Henricia sanguinolenta_PERCENT_COVER,Carcinus maenas_QUAD,Euspira heros_SWATH,Hymedesmia_PERCENT_COVER,Cucumaria frondosa_PERCENT_COVER,Echinarachnius parma_PERCENT_COVER,Alcyonium digitatum_SWATH,Neptunea decemcostata_SWATH,Busycotypus canaliculatus_QUAD,Buccinum undatum_PERCENT_COVER,Chorda filum_QUAD,Leucoraja ocellata_FISH,Titanoderma_PERCENT_COVER,NA_FISH,Pachycerianthus borealis_QUAD,Arbacia punctulata_QUAD,Ciona intestinalis_QUAD,Botrylloides violaceus_SWATH,Cliona_SWATH,Libinia emarginata_SWATH,Ovalipes ocellatus_SWATH,Centropristis striata_SWATH,Stichaeus punctatus pulcherrimus_SWATH,Thylacodes_SWATH,Paralichthys dentatus_PERCENT_COVER,Pachycerianthus borealis_PERCENT_COVER,Paralichthys dentatus_SWATH,Astrangia poculata_QUAD,Cliona_QUAD,Edwardsiella lineata_QUAD,Crassostrea virginica_QUAD,Botrylloides violaceus_QUAD,Crepidula fornicata_QUAD,Crisularia turrita_QUAD,Dasysiphonia japonica_QUAD,Libinia emarginata_QUAD,Myoxocephalus aenaeus_SWATH,Clathria (Clathria) prolifera_PERCENT_COVER,Bugula neritina_QUAD,Hemigrapsus sanguineus_QUAD,Chondrus crispus_QUAD,Grinnellia americana_QUAD,Bonnemaisonia hamifera_QUAD,Euthora cristata_QUAD,Leptophytum acervatum_QUAD,Neptunea decemcostata_QUAD,Polyides rotunda_QUAD,Red Algal Turf_QUAD,Callinectes sapidus_QUAD,Didemnum vexillum_QUAD,Testudinalia testudinalis_QUAD,Ostrea edulis_QUAD,Panopeus herbstii_QUAD,INTERTIDAL_TRANSECT
2014,NE Appledore,Broad Cove,3.75,0,1.25,37.5,0,0,36.25,3.75,16.25,2.5,0.5,10,1.25,0,3.75,0,32.5,1.25,6.25,0.33333333333333337,0,2.5,5,0,7.5,0,11.25,0,0,0,0,0,0,1.25,86,6.25,11.25,41.875,12.416666666666668,1.25,0,5,1.25,0,0,0,0,0.5,3.75,0,0,0,0,0,2.5,0.16666666666666669,1.25,1.25,3.75,0,1.25,0,0,0.16666666666666669,0,1.25,0.08333333333333334,0,2.1666666666666665,1.25,0,0,0,1.25,0,0,0,0,0,0,0,0.25,0.5,0,0.5,0,0,0,0,0,0,0,0,0.25,0,0,0,0,0,0,0,0,0,0,0.16666666666666666,0.5,0,0,0,0,0,0,0,0,0,0,0,0,0,0,0,0,0,0,0,0,0,0,0,0,0,0,0,0,0,0,0,0,0,0,0,0,0,0,0,0,0,0,0,0,0,0,0,0,0,0,0,0,0,0,0,0,0,0,0,0,0,0,0,0,0,0,0,0,0,0,0,0,0,0,0,0,0,0,0,0,0,0,0,0,0,0,0,0,0,0,0,0,0,0,0,0,0,0,0,0,0,0,0,0,0,0,0,0,0,0,0,0,0,0,0,0,0,0,0,0,0,0,0,0,0,0,0,0,0,0,0,0,0,0,0,0,0,0,0,0,0,0,0,0,17
2014,NE Appledore,Broadway and 42nd,2.5,3.1666666666666665,1.25,56.25,0,1.25,30,1.25,7.5,1,0.25,13.75,2.5,0,6.25,0,20,10,15,1.6666666666666665,0,1.25,0,2.5,2,0,1.25,1.25,3,0,1.25,0,0.5,0,0,66.25,2.5,2.5,0.9166666666666667,0,1.25,3.75,2.5,1.25,2.5,0,0,0,13.75,0,0,0,0.6666666666666666,0,1.25,0.33333333333333337,23.75,0,1.25,0,0,0,0,0.16666666666666669,0,2.5,0.08333333333333333,0,6.166666666666667,0,0,0,0,0,0,0,0,0,0,0,0,6.75,1.1666666666666665,5,3,0,0,0.16666666666666669,0,0,0,0,0,0,1.3333333333333333,0,0,0,0,0,0,1.25,0,0,0.08333333333333333,0,3.75,0.16666666666666666,1.25,0.16666666666666669,0,0,0,0,0,0,0,0,0,0,0,0,0,0,0,0,0,0,0,0,0,0,0,0,0,0,0,0,0,0,0,0,0,0,0,0,0,0,0,0,0,0,0,0,0,0,0,0,0,0,0,0,0,0,0,0,0,0,0,0,0,0,0,0,0,0,0,0,0,0,0,0,0,0,0,0,0,0,0,0,0,0,0,0,0,0,0,0,0,0,0,0,0,0,0,0,0,0,0,0,0,0,0,0,0,0,0,0,0,0,0,0,0,0,0,0,0,0,0,0,0,0,0,0,0,0,0,0,0,0,0,0,0,0,0,0,0,0,0,0,14
2014,NE Appledore,Devil's Dance Floor,1.25,1.3333333333333335,0,63.75,1.25,1.25,12.5,5,6.25,5,0.75,5,5,6.25,17.5,0,38.75,7.5,8.75,1.6666666666666665,0,1.25,10,2.5,2.75,0,20,2.5,2.75,0,0,0,1,1.25,38,12.5,0,6.25,1.1666666666666665,1.25,1.25,1.25,5,5,6.25,2.5,2,1.3333333333333333,1.25,0,0,0,0.16666666666666669,0,8.75,0,8.75,0,0,0,0,0,0,0.16666666666666669,1.25,3.75,0.33333333333333337,1.25,13,0,0,0,0,1.25,0,0,0,0,1.25,0,0,28.25,0.16666666666666669,1.25,0.25,0,0,0.5,0,0,2.5,0,0,0,1,0,0,0,0,0,0,1.25,0,0,0,0,1.25,0,0,0,0.16666666666666669,1.25,2.5,0,0,0,0,0,0,0,0,0,0,0,0,0,0,0,0,0,0,0,0,0,0,0,0,0,0,0,0,0,0,0,0,0,0,0,0,0,0,0,0,0,0,0,0,0,0,0,0,0,0,0,0,0,0,0,0,0,0,0,0,0,0,0,0,0,0,0,0,0,0,0,0,0,0,0,0,0,0,0,0,0,0,0,0,0,0,0,0,0,0,0,0,0,0,0,0,0,0,0,0,0,0,0,0,0,0,0,0,0,0,0,0,0,0,0,0,0,0,0,0,0,0,0,0,0,0,0,0,0,0,0,0,0,0,0,0,0,13
2014,NE Appledore,Norwegian Cove,1.25,0.33333333333333337,1.25,61.25,0,0,17.5,3.75,6.25,0.5,0,6.25,0,3.75,8.75,0,21.25,5,15,0.5,1.25,0,11.25,1.25,2.75,0,3.75,0,1,8.75,1.25,0,0.25,2.5,24,25,2.5,58.75,1.9166666666666667,0,3.75,3.75,1.25,1.25,2.5,0,0,0.16666666666666666,2.5,0,0,0,0.3333333333333333,0,1.25,0,2.5,1.25,1.25,0,0,0,0,0.16666666666666669,0,1.25,0,0,7.833333333333333,0,1.25,0,1.25,0,0,0,0,0,0,0.25,0,1,1.3333333333333333,3.75,5,0,0,0,0,0,0,0,0,0,1.5,0,0,0,0,0,0,1.25,0,0,0.16666666666666666,0,16.25,0,3.75,0,0,0,0,0.25,0,0,0,0,0,0,0,0,0,0,0,0,0,0,0,0,0,0,0,0,0,0,0,0,0,0,0,0,0,0,0,0,0,0,0,0,0,0,0,0,0,0,0,0,0,0,0,0,0,0,0,0,0,0,0,0,0,0,0,0,0,0,0,0,0,0,0,0,0,0,0,0,0,0,0,0,0,0,0,0,0,0,0,0,0,0,0,0,0,0,0,0,0,0,0,0,0,0,0,0,0,0,0,0,0,0,0,0,0,0,0,0,0,0,0,0,0,0,0,0,0,0,0,0,0,0,0,0,0,0,0,0,0,0,0,0,15
2014,NW Appledore,Larus Ledge,2.5,0,0,33.75,0,1.25,13.75,7.5,21.25,1.25,0.25,1.25,0,1.25,1.25,17.5,88.75,5,20,1,1.25,6.25,5,6.25,5.5,0,0,0,0.25,0,0,0,0.25,0,0,0,1.25,1.25,0.9166666666666665,0,16.25,6.25,1.25,17.5,6.25,0,3.333333333333333,0,3.75,0,0,0.25,0,0,0,0,1.25,1.25,0,0,0,0,0,0,1.25,0,0.08333333333333333,0,11.5,0,0,0,1.25,0,0,0,0,0,0,0,0,0,0.5,0,2.75,0,0,0,0,0,0,0,0,0,0.6666666666666667,0,0,0,0,0,0,0,0,0,0.33333333333333337,0,0,0,0,0,0,0,0,0,0,0,1.25,0,0,0,0,0,0,0,0,0,0,0,0,0,0,0,0,0,0,0,0,0,0,0,0,0,0,0,0,0,0,0,0,0,0,0,0,0,0,0,0,0,0,0,0,0,0,0,0,0,0,0,0,0,0,0,0,0,0,0,0,0,0,0,0,0,0,0,0,0,0,0,0,0,0,0,0,0,0,0,0,0,0,0,0,0,0,0,0,0,0,0,0,0,0,0,0,0,0,0,0,0,0,0,0,0,0,0,0,0,0,0,0,0,0,0,0,0,0,0,0,0,0,0,0,0,0,0,0,0,0,0,0,0,7
2014,NW Appledore,Magic 8 Ball,3.75,0,0,25,0,0,17.5,10,7.5,0.5,1.25,1.25,0,5,3.75,7.5,88.75,20,3.75,0.16666666666666669,0,2.5,10,5,5.5,0,1.25,0,1.25,0,0,8.75,1.75,1.25,0,1.25,0,16.25,2.5,6.25,13.75,6.25,1.25,0,5,0,46,0.5,2.5,0,0,0,0.5,0,3.75,0,0,0,0,0,0,0,0,0,0,1.25,0.16666666666666669,0,4.833333333333333,0,0,0,0,0,0,0,0,0,0,0,0,0,1.8333333333333335,0,0.75,0,0,0,0,0,1.25,0,0,0.25,0.16666666666666669,0,0.75,0,0,0,0,0,0,0.3333333333333333,0,0,0,0,0,0,0,0,0,0,0,0,0,1.25,0,0,0,0,0,0,0,0,0,0,0,0,0,0,0,0,0,0,0,0,0,0,0,0,0,0,0,0,0,0,0,0,0,0,0,0,0,0,0,0,0,0,0,0,0,0,0,0,0,0,0,0,0,0,0,0,0,0,0,0,0,0,0,0,0,0,0,0,0,0,0,0,0,0,0,0,0,0,0,0,0,0,0,0,0,0,0,0,0,0,0,0,0,0,0,0,0,0,0,0,0,0,0,0,0,0,0,0,0,0,0,0,0,0,0,0,0,0,0,0,0,0,0,0,0,0,0,0,0,0,0,0,8
2014,NW Appledore,North Head,3.75,0.33333333333333337,0,68.75,0,0,20,1.25,3.75,1,1.5,2.5,1.25,1.25,12.5,0,50,1.25,12.5,0,1.25,1.25,11.25,7.5,2.25,0,8.75,0,4.25,0,0,0,5,3.75,0,16.25,1.25,11.25,1.0833333333333335,0,5,0,5,2.5,0,0,0,0.33333333333333337,0,0,0,0,1.1666666666666667,0,2.5,1,8.75,0,0,0,0,0,0,0,0,8.75,1,0,18.166666666666664,0,0,0,0,0,0,0,0,0,0,0,0.25,4.25,0,10,2.25,0,0,0.5,0,0,0,0,0,0,6.666666666666667,2.5,0,0,0,0,0,1.875,0,0,0,0,13.75,0,7.5,0,0,0,0,0.25,0,0.16666666666666669,0,1.25,0,0,0,0,0,0,0,0,0,0,0,0,0,0,0,0,0,0,0,0,0,0,0,0,0,0,0,0,0,0,0,0,0,0,0,0,0,0,0,0,0,0,0,0,0,0,0,0,0,0,0,0,0,0,0,0,0,0,0,0,0,0,0,0,0,0,0,0,0,0,0,0,0,0,0,0,0,0,0,0,0,0,0,0,0,0,0,0,0,0,0,0,0,0,0,0,0,0,0,0,0,0,0,0,0,0,0,0,0,0,0,0,0,0,0,0,0,0,0,0,0,0,0,0,0,0,0,0,0,0,0,0,9
2014,NW Appledore,Sandpiper Beach,7.5,0,0,88.75,1.25,0,5,1.25,1.25,0.75,0.75,1.25,0,0,5,13.75,78.75,5,35,6.166666666666666,1.25,3.75,11.25,6.25,4.5,0,8.75,0,1,0,1.25,0,0.5,2.5,2,0,0,2.5,3,0,2.5,1.25,1.25,0,0,0,3,0,3.75,0,0.16666666666666669,0,0.16666666666666669,0,2.5,0,0,1.25,0,0,0,0,0,0.16666666666666669,0,0,0.16666666666666666,0,1,0,2.5,0,0,0,0,0,0,0,0,0,0,0,0.33333333333333337,0,0,0,0,0,0,0,6.25,0,0,0,0,0,0,0,0,0,0,1.25,0,0,0.33333333333333337,0,0,0,0,0,0,0,0,0,0,0,0,0,1.25,0,0,0,0,0,0,0,0,0,0,0,0,0,0,0,0,0,0,0,0,0,0,0,0,0,0,0,0,0,0,0,0,0,0,0,0,0,0,0,0,0,0,0,0,0,0,0,0,0,0,0,0,0,0,0,0,0,0,0,0,0,0,0,0,0,0,0,0,0,0,0,0,0,0,0,0,0,0,0,0,0,0,0,0,0,0,0,0,0,0,0,0,0,0,0,0,0,0,0,0,0,0,0,0,0,0,0,0,0,0,0,0,0,0,0,0,0,0,0,0,0,0,0,0,0,0,0,0,0,0,0,6
2014,SW Appledore,North Pepperrell,2.5,0,0,63.75,0,0,11.25,1.25,6.25,0.75,0.5,0,1.25,0,0,23.75,90,1.25,8.75,0,1.25,0,10,8.75,4,0,0,0,1,0,0,0,1,1.25,0,0,2.5,10.625,0.75,0,13.75,3.75,0,0,3.75,0,6,0.16666666666666669,7.5,0,0,0,0.6666666666666667,0,1.25,0.33333333333333337,0,0,0,0,0,0,0,0.16666666666666669,0,0,0.33333333333333337,0,15.833333333333334,0,0,0,0,1.25,0,0,0,0,0,0,0,0,1.5,0,1,0,0,0,0,0,1.25,0,0,0.25,0,0,0.5,0,0,0,0,0,0,0,0,0,0,0,0,0,0,0,0,0,0,0,0,0,0,0,0,0,0,0,0,0,0,0,0,0,0,0,0,0,0,0,0,0,0,0,0,0,0,0,0,0,0,0,0,0,0,0,0,0,0,0,0,0,0,0,0,0,0,0,0,0,0,0,0,0,0,0,0,0,0,0,0,0,0,0,0,0,0,0,0,0,0,0,0,0,0,0,0,0,0,0,0,0,0,0,0,0,0,0,0,0,0,0,0,0,0,0,0,0,0,0,0,0,0,0,0,0,0,0,0,0,0,0,0,0,0,0,0,0,0,0,0,0,0,0,0,0,0,0,0,0,0,0,0,0,29
2014,SW Appledore,North Smith's Cove,0,0,0,10,0,0,2.5,2.5,6.25,1.75,1.25,0,0,6.25,0,6.25,68.75,22.5,5,0.33333333333333337,0,1.25,0,2.5,5.25,0,0,0,0.75,0,0,0,0.25,0,5,8.75,5,13.75,4.5,33.75,31.25,7.5,1.25,1.25,5,0,3.5,0.8333333333333334,0,0,0,0,0.16666666666666666,0,0,0,0,1.25,0,0,0,0,0,1.1666666666666665,0,0,0,0,1.5,2.5,0,0,0,8.75,0,0,0,0,0,0,0,0,2.5,0,0.5,0,0,0,0,0,0,0,0,0.25,0.5,0,0,0,0,0,0,0,0,0,0.16666666666666669,0,0,0,0,0,0,0,0,0,0,0,0,0,0,0.16666666666666669,0.16666666666666669,0.8333333333333334,0,0,0,0,0,0,0,0,0,0,0,0,0,0,0,0,0,0,0,0,0,0,0,0,0,0,0,0,0,0,0,0,0,0,0,0,0,0,0,0,0,0,0,0,0,0,0,0,0,0,0,0,0,0,0,0,0,0,0,0,0,0,0,0,0,0,0,0,0,0,0,0,0,0,0,0,0,0,0,0,0,0,0,0,0,0,0,0,0,0,0,0,0,0,0,0,0,0,0,0,0,0,0,0,0,0,0,0,0,0,0,0,0,0,0,0,0,0,0,0,0,0,0,0,0,0,0,0,27
2014,SW Appledore,South Pepperrell,8.75,0.25,0,82.5,1.25,0,2.5,1.25,0,0.75,0.75,1.25,2.5,0,1.25,2.5,92.5,2.5,11.25,0,0,1.25,18.75,10,1.75,0,1.25,0,2,0,0,0,1.25,0,0,2.5,0,3.125,0.16666666666666669,0,13.75,0,0,1.25,0,0,0,0,2.5,0,0,0,0,0,11.25,0.16666666666666669,0,0,1.25,0,0,0,0,0.6666666666666667,0,1.25,0.5,0,53.083333333333336,0,0,0,0,0,0,0,0,0,0,0,0.25,0.25,1.3333333333333335,0,0.25,0,0,0,0,0,2.5,0,0,0,0,0,0,0,0,0,0,0,0,0,0,0,0,0,0,0,0,1.25,0,0,0,0,0,0,0,0,0,0,0.16666666666666669,1.25,0,0,0,0,0,0,0,0,0,0,0,0,0,0,0,0,0,0,0,0,0,0,0,0,0,0,0,0,0,0,0,0,0,0,0,0,0,0,0,0,0,0,0,0,0,0,0,0,0,0,0,0,0,0,0,0,0,0,0,0,0,0,0,0,0,0,0,0,0,0,0,0,0,0,0,0,0,0,0,0,0,0,0,0,0,0,0,0,0,0,0,0,0,0,0,0,0,0,0,0,0,0,0,0,0,0,0,0,0,0,0,0,0,0,0,0,0,0,0,0,0,0,0,0,0,0,28
2014,SW Appledore,South Smith's Cove,5,0,0,68.75,0,0,1.25,0,1.25,1.25,2.5,0,1.25,0,0,33.75,93.75,1.25,6.25,0.8333333333333333,0,2.5,5,8.75,4,0,0,0,0.5,0,0,0,0.75,0,70,2.5,0,1.25,0.33333333333333337,17.5,11.25,0,0,2.5,1.25,0,0,0.33333333333333337,0,0,0,0,0,0,1.25,0,0,0,0,0,1.25,0,0,0.33333333333333337,0,0,0,0,0.6666666666666667,0,0,0,0,0,0,0,0,0,0,0,0,0.25,0.33333333333333337,0,0.75,0,0,0,0,0,0,0,0,0.75,0.33333333333333337,0,0,0,0,0,0,0,0,0,0,0,0,0,0,0,0,0,0,0.25,0,0,0,0,0,0,0,0.16666666666666669,0,0,0,0,0,0,0,0,0,0,0,0,0,0,0,0,0,0,0,0,0,0,0,0,0,0,0,0,0,0,0,0,0,0,0,0,0,0,0,0,0,0,0,0,0,0,0,0,0,0,0,0,0,0,0,0,0,0,0,0,0,0,0,0,0,0,0,0,0,0,0,0,0,0,0,0,0,0,0,0,0,0,0,0,0,0,0,0,0,0,0,0,0,0,0,0,0,0,0,0,0,0,0,0,0,0,0,0,0,0,0,0,0,0,0,0,0,0,0,0,0,0,0,0,0,0,0,0,26
2015,NE Appledore,Broad Cove,2.5,0,0,97.5,2.5,1.25,0,1.25,0,0.75,0.25,20,0,0,30,6.25,57.5,2.5,2.5,2.6666666666666665,0,7.5,7.5,0,3,0,0,2.5,0.75,0,0,0,1.5,0,17,7.5,0,13.75,7.25,0,0,1.25,0,0,5,0,1,2.833333333333333,0,0,0,0,0,0,15,0.33333333333333337,1.25,0,0,0,0,1.25,0,0.33333333333333337,0,1.25,0,0,0.8333333333333333,0,0,0,0,0,0,0,0,7.5,1.25,0,0,0,2.6666666666666665,0,0,0,0,0,0,0,0,0,0,0,0.16666666666666669,0,0,0,0,0,0,0,0,0.5,0,0,0,0,0,0,0,0,0,0,0,0,0,0,0,0,0,0,0,1.25,0,2.5,0,0,0,0,0,0,0,0,0,0,0.25,0,0,0,0,0,0,0,0,0,0,1.25,0,0,0,0,0,0,0,0,0,0,0,0,0,0,0,0,0,0,0,0,0,0,0,0,0,0,0,0,0,0,0,0,0,0,0,0,0,0,0,0,0,0,0,0,0,0,0,0,0,0,0,0,0,0,0,0,0,0,0,0,0,0,0,0,0,0,0,0,0,0,0,0,0,0,0,0,0,0,0,0,0,0,0,0,0,0,0,0,0,0,0,0,0,0,0,0,0,0,0,0,0,0,17
2015,NE Appledore,Broadway and 42nd,0,0,0,91.25,2.5,0,1.25,3.75,0,0.5,0.25,13.75,0,0,16.25,1.25,53.75,12.5,5,15,0,8.75,5,0,3.25,0,13.75,12.5,1,0,0,0,0,3.75,0,7.5,0,14.375,2.5833333333333335,0,0,3.75,0,0,7.5,1.25,16,28.166666666666664,0,0,0,0,0.3333333333333333,0,5,0,27.5,0,0,60,0,0,0,0.33333333333333337,0,5,0,0,0.5,0,0,0,0,0,0,0,0,1.25,0,0,0,0.25,0.33333333333333337,1.25,3.5,0,0,0,0,0,2.5,0,0,0,4,0,0,0,0,1.25,0,0,0,0,0.16666666666666669,0,13.75,0,1.25,0.5,0,0,0,0,0,0,0,0,0,0,0,0,0,0,0,0,0,1.25,0,0,0,0,0,0,1.25,0,0,0,0,0,0,0,0,0,0,0,0,0,1.25,0.16666666666666669,0,0,0,0,0,0,0,0,0,0,0,0,0,0,0,0,0,0,0,0,0,0,0,0,0,0,0,0,0,0,0,0,0,0,0,0,0,0,0,0,0,0,0,0,0,0,0,0,0,0,0,0,0,0,0,0,0,0,0,0,0,0,0,0,0,0,0,0,0,0,0,0,0,0,0,0,0,0,0,0,0,0,0,0,0,0,0,0,0,0,0,0,0,0,0,0,0,0,0,0,14
2015,NE Appledore,Devil's Dance Floor,0,0,0,51.25,3.75,0,11.25,16.25,6.25,2.25,0.25,12.5,0,8.75,18.75,0,12.5,16.25,2.5,18,0,10,5,1.25,2.25,0,2.5,11.25,0.5,0,0,1.25,1.25,0,24,11.25,0,55,12.5,0,2.5,2.5,0,0,17.5,0,38.5,73.33333333333334,0,0,0,0,0.33333333333333337,0,6.25,0.5,3.75,0,0,0,0,1.25,0,0.3333333333333333,0,0,0,0,0.16666666666666669,0,0,0,0,2.5,0,0,0,3.75,1.25,0,0,0,3,0,0.5,0,0,0,0,0,1.25,0,0,0,0,0,0,0,0,0,0,0,0,0.33333333333333337,0.25,0,2.5,0,1.25,2.833333333333333,0,0,1.25,0,0,0,0,0,0,0,0,0,0,1.25,0,0,0,0,0,0,0,0,0,7.5,1.25,0,0,0,0,0,0,0,0,0,1.25,0,0,8.75,0,0,0.16666666666666669,0,0,0,0,0,0,0,0,0,0,0,0,0,0,0,0,0,0,0,0,0,0,0,0,0,0,0,0,0,0,0,0,0,0,0,0,0,0,0,0,0,0,0,0,0,0,0,0,0,0,0,0,0,0,0,0,0,0,0,0,0,0,0,0,0,0,0,0,0,0,0,0,0,0,0,0,0,0,0,0,0,0,0,0,0,0,0,0,0,0,0,0,0,0,0,0,0,0,0,13
2015,NE Appledore,Norwegian Cove,1.25,0,0,88.75,1.25,0,0,3.75,0,1.75,0.5,10,0,0,21.25,2.5,36.25,6.25,2.5,8.333333333333334,0,2.5,8.75,1.25,3.75,0,8.75,1.25,0.25,0,0,0,1,1.25,9,15,0,62.5,19.25,0,6.25,1.25,0,0,2.5,0,21,3,0,0,0,0,0.25,0,3.75,0,1.25,0,0,0,0,1.25,0,0.33333333333333337,2.5,3.75,0,0,0.16666666666666669,0,0,0,1.25,0,0,0,0,0,1.25,0,0,0.25,0,0,7.25,0,0,0,0,0,1.25,0,0,0,2.333333333333333,0,0,0,0,0,0,0,0,0.3333333333333333,0.16666666666666669,0,5,0,0,0,0,0,0,0,0,0,0,0,0,0,0,0,0,0,0,2.5,0,2.5,0,0,0,0,0,1.25,3.75,0,0,0,0,0,0,0,0,1,0,0,0,0,0,0.16666666666666669,0,0,0,0,0,0,0,0,0,0,0,0,0,0,0,0,0,0,0,0,0,0,0,0,0,0,0,0,0,0,0,0,0,0,0,0,0,0,0,0,0,0,0,0,0,0,0,0,0,0,0,0,0,0,0,0,0,0,0,0,0,0,0,0,0,0,0,0,0,0,0,0,0,0,0,0,0,0,0,0,0,0,0,0,0,0,0,0,0,0,0,0,0,0,0,0,0,0,0,0,15
2015,NW Appledore,Larus Ledge,3.75,0,0,33.75,0,0,20,18.75,5,1.5,0.75,0,0,1.25,1.25,26.25,91.25,7.5,0,0.8333333333333333,0,10,0,2.5,4.75,0,1.25,0,0.5,0,0,0,0.75,0,1,2.5,0,28.75,2.0833333333333335,2.5,15,3.75,0,0,1.25,0,11,0.8333333333333333,0,0,0,0,0.08333333333333331,0,2.5,0,0,1.25,0,0,0,0,0,0.3333333333333333,1.25,0,0,0,7,0,0,0,0,0,0,0,0,1.25,0,0,0,0,0,0,1.25,0,0,0,0,0,0,0,0,0,1.3333333333333335,1.25,0,0,0,0,0,0,0,0.6666666666666667,0.16666666666666666,0,12.5,0,0,0,0,0,0,0,0,0,0,0,0,0,0,0,0,0,2.5,1.25,0,1.25,0,0,0,0,0,0,0,0,0,0,0,0,0,0,0,0,0,0,0,0,0,0,0,0,0,0,0,0,0,0,0,0,0,0,0,0,0,0,0,0,0,0,0,0,0,0,0,0,0,0,0,0,0,0,0,0,0,0,0,0,0,0,0,0,0,0,0,0,0,0,0,0,0,0,0,0,0,0,0,0,0,0,0,0,0,0,0,0,0,0,0,0,0,0,0,0,0,0,0,0,0,0,0,0,0,0,0,0,0,0,0,0,0,0,0,0,0,0,0,0,0,0,7
2015,NW Appledore,Magic 8 Ball,61.25,0,0,71.25,0,0,0,15,0,0.5,0,5,1.25,1.25,0,0,98.75,0,7.5,0.5,0,10,5,3.75,2.5,0,0,0,0,0,0,0,1,2.5,1,0,0,26.25,4,8.75,12.5,3.75,0,0,0,0,7,0,0,0,0,0,0,1.25,2.5,0,0,0,0,0,0,0,0,0.16666666666666669,2.5,0,0,0,2.333333333333333,0,0,0,0,0,0,0,0,0,0,0,0,0,2.5,0,2.25,0,0,0,0,0,0,0,0,0,1.1666666666666667,0,0,1.25,0,0,0,0,0,0,0.25,0,6.25,0,0,0,0,0,0,0,0,0,0,0,0,0,0,0,0,0,13.75,0,0,16.25,0,0,0,0,0,0,0,0,0,0,0,0,0,0,0,0,0,0,0,0,0,0,0,0,0,0,0,0,0,0,0,0,0,0,0,0,0,0,0,0,0,0,0,0,0,0,0,0,0,0,0,0,0,0,0,0,0,0,0,0,0,0,0,0,0,0,0,0,0,0,0,0,0,0,0,0,0,0,0,0,0,0,0,0,0,0,0,0,0,0,0,0,0,0,0,0,0,0,0,0,0,0,0,0,0,0,0,0,0,0,0,0,0,0,0,0,0,0,0,0,0,0,8
2015,NW Appledore,North Head,7.5,0,0,96.25,0,0,0,1.25,1.25,2.25,1,11.25,0,0,12.5,1.25,57.5,6.25,3.75,0.6666666666666667,0,25,2.5,0,2.75,0,0,0,0.5,0,0,0,1,0,7,1.25,0,23.75,2.9166666666666665,0,0,1.25,0,0,1.25,0,5,3.8333333333333335,0,0,0,0,0.16666666666666669,0,15,0.33333333333333337,0,0,0,0,0,7.5,0,0.33333333333333337,0,1.25,0,0,11.083333333333332,0,0,0,0,0,0,0,0,2.5,0,0,0,0,0,0,0.25,0,0,0,0,6.25,5,0,0,0,2.0833333333333335,1.25,0,0,0,0,0,1.25,0,0.16666666666666669,0.33333333333333337,0,6.25,0,1.25,0,0,0,0,0,2.5,0,0,1.25,0,0,0,0,0,0,8.75,2.5,0,2.5,0,0,0,0,0,0,0,0,0,0,0,0,0,0,0,0,3.75,0,0,0,0,0,0,0,0,0,0,0,1.25,0,0,0,0,0,0,0,0,0,0,0,0,0,0,0,0,0,0,0,0,0,0,0,0,0,0,0,0,0,0,0,0,0,0,0,0,0,0,0,0,0,0,0,0,0,0,0,0,0,0,0,0,0,0,0,0,0,0,0,0,0,0,0,0,0,0,0,0,0,0,0,0,0,0,0,0,0,0,0,0,0,0,0,0,0,0,0,0,0,0,0,0,0,9
2015,NW Appledore,Sandpiper Beach,0,0,0,97.5,0,1.25,0,0,0,2.5,1.75,3.75,3.75,0,0,21.25,98.75,0,1.25,0.33333333333333337,0,20,17.5,11.25,3.25,0,0,0,2,0,0,1.25,7,1.25,12,0,0,20,2.75,0,0,1.25,0,0,0,0,1,0,0,0,0,0,0,0,13.75,0.6666666666666667,0,0,0,0,0,0,0,0.33333333333333337,11.25,0,0,0,4,0,0,0,0,0,0,0,0,0,0,0,0,0,0.16666666666666669,0,0.5,0,0,0,0,0,0,0,0,0,0,0,0,20,0,0,0,0,0,0,0.08333333333333333,0,0,0,0,0,0,0,0,0,1.25,0,0,1.25,0,0,0,0,0,0,2.5,6.25,0,3.75,0,0,0,0,0,0,0,0,0,0,0,0,0,0,0,0,0,0,0,0,0,0,0,0,0,0,0,0,0,0.75,0,0,0,0,0,0,0,0,0,0,0,0,0,0,0,0,0,0,0,0,0,0,0,0,0,0,0,0,0,0,0,0,0,0,0,0,0,0,0,0,0,0,0,0,0,0,0,0,0,0,0,0,0,0,0,0,0,0,0,0,0,0,0,0,0,0,0,0,0,0,0,0,0,0,0,0,0,0,0,0,0,0,0,0,0,0,0,0,0,0,0,0,6
2015,SW Appledore,North Pepperrell,0,0,1.25,62.5,0,0,3.75,2.5,2.5,1,0.25,0,0,0,0,35,98.75,0,11.25,0,0,1.25,0,5,4,0,0,0,0.25,0,0,0,2.25,0,0,0,0,12.5,2.083333333333333,3.75,10,15,0,0,0,0,3,0,0,0,0,0,1,0,2.5,0,0,0,0,0,0,1.25,0,0.16666666666666669,3.75,0,0,0,14.333333333333332,0,0,0,0,0,0,0,0,0,0,0,0.25,0,2.166666666666667,0,3.5,0,0,0,0,0,0,0,0,0,0.33333333333333337,0,0,0,0,0,0,2.5,0,0,0.16666666666666669,0,2.5,0,0,0,0,0,0,0,0,0,0,7.5,0,0,0,0,0,0,2.5,7.5,0,6.25,0,0,0,0,0,0,0,0,0,0,0,0,0,0,0,0,0,0,0,0,0,0,0,0,0,0,0,0,0,0,0,0,0,0,0,0,0,0,0,0,0,0,0,0,0,0,0,0,0,0,0,0,0,0,0,0,0,0,0,0,0,0,0,0,0,0,0,0,0,0,0,0,0,0,0,0,0,0,0,0,0,0,0,0,0,0,0,0,0,0,0,0,0,0,0,0,0,0,0,0,0,0,0,0,0,0,0,0,0,0,0,0,0,0,0,0,0,0,0,0,0,0,29
2015,SW Appledore,North Smith's Cove,3.75,0,0,71.25,2.5,0,0,10,0,3.5,0,2.5,0,0,16.25,13.75,97.5,0,0,0.16666666666666666,0,7.5,15,0,1.5,0,0,0,1.5,0,0,0,6.75,0,0,0,0,5,0.41666666666666663,0,18.75,0,0,0,0,0,1,3,0,0,0,0,0.08333333333333334,0,0,0,0,1.25,0,0,0,1.25,0,0.6666666666666667,0,0,0.16666666666666669,0,0.5,0,0,0,0,0,0,0,0,5,0,0.75,0,0,0,0,0,0,0,0,0,0,0,0,0,0,0.08333333333333331,0,0.5,0,0,1.25,0,0,0,0.8333333333333333,0.08333333333333331,0,0,0,0,0,0,0,0,0,0,0,0,0,0,0,0.6666666666666666,0,0,0,0,2.5,0,1.25,0,0,0,0,0,0,0,0,0,0,0,0,0,1.25,0,0,0,0,0,0,0,0,0,0,0,0,0,0,0,0,1.25,1.25,0,0,0,0,0,0,0,0,0,0,0,0,0,0,0,0,0,0,0,0,0,0,0,0,0,0,0,0,0,0,0,0,0,0,0,0,0,0,0,0,0,0,0,0,0,0,0,0,0,0,0,0,0,0,0,0,0,0,0,0,0,0,0,0,0,0,0,0,0,0,0,0,0,0,0,0,0,0,0,0,0,0,0,0,0,0,0,0,0,0,27
2015,SW Appledore,South Pepperrell,0,0,0,71.25,0,0,5,0,2.5,1.25,1.5,0,0,0,0,25,90,0,2.5,0.6666666666666667,0,6.25,0,6.25,2.75,0,0,5,0.5,0,0,0,3.25,1.25,0,0,0,23.75,1.5833333333333335,8.75,12.5,0,0,0,0,0,0,0,0,0,0,0,0.33333333333333337,0,6.25,0.5,0,0,0,0,0,0,0,0.16666666666666669,0,0,0.16666666666666669,0,8.333333333333334,0,0,0,0,0,0,0,0,0,0,0,0.25,0.25,0.16666666666666669,0,0.75,0,0,0,0,0,0,0,0,0,0,0,0,2.5,0,0,0,6.25,0,0.16666666666666669,0,0,0,0,0,0,0,0,0,0,0,0,0,2.5,0,0,0,0,0,0,3.75,17.5,0,11.25,0,0,0,0,41,0,0,0,0,0,0,0,0,0,0,0,0,0,0,0,0,0,0,0,0,0,0,0,0,0,0,0,0.5,0,0,0,0,0,0,0,0,0,0,0,0,0,0,0,0,0,0,0,0,0,0,0,0,0,0,0,0,0,0,0,0,0,0,0,0,0,0,0,0,0,0,0,0,0,0,0,0,0,0,0,0,0,0,0,0,0,0,0,0,0,0,0,0,0,0,0,0,0,0,0,0,0,0,0,0,0,0,0,0,0,0,0,0,0,0,0,0,0,28
2015,SW Appledore,South Smith's Cove,0,0,0,63.75,0,0,1.25,3.75,3.75,3.75,2,1.25,0,0,0,50,73.75,7.5,0,1.6666666666666665,0,0,2.5,2.5,3.5,0,0,0,0.25,0,0,0,1.25,0,0,0,0,17.5,0.75,16.25,11.25,0,0,0,2.5,0,0,1.5,0,0,0,0,0,0,3.75,0.33333333333333337,0,0,0,0,0,0,0,0.16666666666666666,0,0,0,0,1.916666666666667,0,0,0,0,0,0,0,0,0,0,0,0,0,0,0,0.25,0,0,0,0,0,1.25,0,0,0,0.16666666666666669,0,0.25,0,0,0,0,0,0,0.6666666666666667,0.16666666666666669,0,0,0,0,0,0,0,0,0,0,0,0,0,0,0,0.16666666666666669,0,0,0,0,0,0,0,0,0,0,0,0,1.25,0,0,0,0,0,0,0,0,0,0,0,0,0,0,0,0,0,0,0,0,0,0,0,0,0,1.25,0,0,0,0,0,0,0,0,0,0,0,0,0,0,0,0,0,0,0,0,0,0,0,0,0,0,0,0,0,0,0,0,0,0,0,0,0,0,0,0,0,0,0,0,0,0,0,0,0,0,0,0,0,0,0,0,0,0,0,0,0,0,0,0,0,0,0,0,0,0,0,0,0,0,0,0,0,0,0,0,0,0,0,0,0,0,0,0,0,0,26
2016,NE Appledore,Broad Cove,6.25,0,0,93.75,1.25,0,0,0,0,4,0,13.75,0,0,26.25,12.5,41.25,0,0,0,1.25,7.5,0,2.5,6.5,0,5,0,0.25,1.25,0,0,1.75,0,0,22.5,0,10,1.5833333333333335,0,0,6.25,0,0,3.75,0,34,1,0,0,0,0,0.5,0,18.75,0,0,0,0,0,0,2.5,0,0,0,1.25,0.16666666666666669,0,0,0,0,0,0,0,0,0,0,10,0,0,0.25,0,0,0,2.25,0,0,0,0,0,2.5,0,0,0,0.33333333333333337,0,0,0,0,0,0,0,0,0,0.16666666666666666,0.25,0,0,0,0,0,0,0,0,0,0,0,0,0,0,0,0,0,0,0,0,0,3.75,0,0,0,0,0,1.25,0,0,0,0,0,0,0,0,0,0,0,0,0,0,0,0,0,0,0,0,0,0,0,0,0,0,0,0,0,0,0,0,0,0,0,0,0,0,0,0,0,0,0,0,0,0,0,2.5,0.16666666666666666,0,0,0,0,0,0,0,0,0,0,0,0,0,0,0,0,0,0,0,0,0,0,0,0,0,0,0,0,0,0,0,0,0,0,0,0,0,0,0,0,0,0,0,0,0,0,0,0,0,0,0,0,0,0,0,0,0,0,0,0,0,0,0,0,0,0,0,17
2016,NE Appledore,Broadway and 42nd,0,0,0,65,2.5,0,0,0,0,11.5,0.25,26.25,0,0,15,1.25,6.25,1.25,1.25,0,0,5,0,0,5.25,0,3.75,6.25,0.5,37.5,0,0,0.75,0,0,46.25,0,7.5,0.6666666666666667,1.25,0,33.75,0,1.25,0,0,16.5,0,0,0,0,0,0,0,20,0,1.25,0,0,0,0,0,0,0.16666666666666669,0,0,0,0,0,0,0,0,1.25,0,0,0,0,3.75,0,0,2,1,0,0,0,0,0,0,0,0,3.75,0,0,0,0,0,0,0,0,0,0,0,0,0.6666666666666667,0.16666666666666669,0,0,0,0,0,0,3.75,0,0,0,0,0,0,0,0,0,0,0,0,0,0,0,1.25,0,0,0,0,0,1.25,0,0,0,0,0,0,0,0,0,0,0,0,0,0,0,0,0,0,0,0,0,0,0,0,0,0,0,0,0,0,0,0,0,0,0,0,0,0,0,0,0,0,0,0,0,0,0,0,0,0,0,0,0,0,0,0,0,0,0,0,0,0,0,0,0,0,0,0,0,0,0,0,0,0,0,0,0,0,0,0,0,0,0,0,0,0,0,0,0,0,0,0,0,0,0,0,0,0,0,0,0,0,0,0,0,0,0,0,0,0,0,0,0,0,0,0,14
2016,NE Appledore,Devil's Dance Floor,1.25,0,0,58.75,2.5,0,7.5,12.5,3.75,0.75,0,21.25,0,10,17.5,1.25,13.75,0,0,0,0,6.25,1.25,2.5,5,0,2.5,1.25,0,0,0,0,0.25,0,0,28.75,0,50,5.25,1.25,5,1.25,1.25,0,6.25,0,23,0,0,0,0,0,0,0,6.25,0.16666666666666666,0,0,0,0,0,1.25,0,0.16666666666666666,1.25,0,0,0,0,0,0,0,0,0,0,0,0,2.5,0,0,0,0.25,0,0,1.5,0,0,0,0,0,0,0,0,0,0.8333333333333334,1.25,0,0,0,0,0,0,0,0,0.16666666666666666,0,3.75,0,0,0,0,0,0,0,0,0,0,0,0,0,0,0,0,0,0,0,0,3.75,0,0.33333333333333337,0,0,0,7.5,0,0,0,0,0,0,0,0,0,0,0,0,0,0,0,0,0,0,0,0,0,0,0,0,0,0,0,0,0,0,0,0,0,0,0,0,0,0,0,0,0,0,0,0,0,0,0,0,0,0,0,0,0,0,0,0,0,0,0,0,0,0,0,0,0,0,0,0,0,0,0,0,0,0,0,0,0,0,0,0,0,0,0,0,0,0,0,0,0,0,0,0,0,0,0,0,0,0,0,0,0,0,0,0,0,0,0,0,0,0,0,0,0,0,0,0,13
2016,NE Appledore,Norwegian Cove,8.75,0,0,81.25,0,0,0,0,0,1,0,6.25,0,0,16.25,6.25,20,2.5,0,0,0,5,0,2.5,3.25,0,12.5,2.5,0.25,0,0,0,1.5,0,0,23.75,0,33.75,6.333333333333333,3.75,13.75,1.25,0,0,3.75,1.25,6,0.5,0,0,0,0,0,0,15,0,0,1.25,0,0,0,1.25,0,0.16666666666666669,0,0,0.6666666666666667,0,6.416666666666666,0,0,0,0,1.25,0,0,0,2.5,0,0,0,0.25,0,0,0.5,0,0,0,0,1.25,11.25,0,0,0,0.33333333333333337,0,0,0,0,0,0,1.25,0,0,0.5,0.25,0,0,0,0,0,0,0,0,1.25,0,0,0,0,0,0,0,0,1.25,0,1.25,0,2.5,0,0,0,0,0,0,0,0,0,0,0,0,0,0,0,0,0,0,0,0,0,0,0,0,0,0,0,0,0,0,0,0,0,0,0,0,0,0,0,0,0,0,0,0,0,0,0,0,0,0,0,0,0,0,0,0.33333333333333337,0,0,0,0,0,0,0,0,0,0,0,0,0,0,0,0,0,0,0,0,0,0,0,0,0,0,0,0,0,0,0,0,0,0,0,0,0,0,0,0,0,0,0,0,0,0,0,0,0,0,0,0,0,0,0,0,0,0,0,0,0,0,0,0,0,0,15
2016,NW Appledore,Larus Ledge,3.75,0,0,57.5,1.25,0,7.5,15,11.25,8,1.5,1.25,0,3.75,3.75,30,65,0,0,0,0,16.25,0,2.5,7.5,0,6.25,7.5,1.5,2.5,0,0,2,0,0,2.5,0,16.25,1.3333333333333335,0,1.25,3.75,1.25,0,2.5,0,13,0,0,0,0,0,0.33333333333333337,0,8.75,0.16666666666666669,0,1.25,0,0,2.5,0,0,0,0,0,0.16666666666666669,0,8,0,0,0,0,0,0,0,0,0,0,0,0,2.75,0,0,2.75,0,0,0,0,0,11.25,0,0,0,0,1.25,0,0,0,0,0,0,0,0.16666666666666669,0.16666666666666666,0,1.25,0,0,0,0,0,0,0,0,0,0,0,0,0,0,0,0,0,0,0,0,1.25,0,0,0,0,0,0,0,0,0,0,0,0,0,0,0,0,0,0,0,0,0,0.3333333333333333,0,0,0,0,0,0,0,0,0,0,0,0,0,0,0,0,0.16666666666666669,0,0,0,0,0,0,0,0,0,0,0,0,0,0,1.25,0,0,0,0,0,0,0,0,0,0,0,0,0,0,0,0,0,0,0,0,0,0,0,0,0,0,0,0,0,0,0,0,0,0,0,0,0,0,0,0,0,0,0,0,0,0,0,0,0,0,0,0,0,0,0,0,0,0,0,0,0,0,0,0,0,0,0,0,7
2016,NW Appledore,Magic 8 Ball,20,0,0,52.5,3.75,1.25,11.25,5,15,4,0.25,0,0,10,1.25,2.5,40,0,2.5,0,0,0,2.5,5,7,0,15,10,1.5,0,0,0,3,0,0,5,0,30,0.8333333333333333,8.75,0,0,0,0,0,1.25,3,0,0,0,0,0,0.8333333333333333,0,5,0,0,1.25,0,0,2.5,2.5,0,0,0,0,0,0,0.5,0,0,0,0,0,0,0,0,5,2.5,0,0.25,0,0,3.75,12.75,0,0,0,0,0,6.25,0,0,0,0,0,0,0,0,0,0,1.25,0,0,0.33333333333333337,0,2.5,0,0,0,0,0,0,0,0,0,0,0,0,0,0,0,0,8.75,0,0,0,6.25,0,0,0,1.25,0,0,0,0,0,0,0,0,0,0,0,0,0,0,0,0,0,0,0,0,0,0,0,0,0,0,0,0,0,0,0,0,0,0,0,0,0,0,0,0,0,0,0,0,0,0,0,0,0,0,0,0,0,0,0,0,0,0,0,0,0,0,0,0,0,0,0,0,0,0,0,0,0,0,0,0,0,0,0,0,0,0,0,0,0,0,0,0,0,0,0,0,0,0,0,0,0,0,0,0,0,0,0,0,0,0,0,0,0,0,0,0,0,0,0,0,0,0,8
2016,NW Appledore,North Head,5,0.33333333333333337,0,91.25,1.25,0,2.5,0,2.5,1.75,0.625,0,0,0,22.5,11.25,52.5,0,0,0,0,5,0,8.75,3.25,0,5,0,1,0,0,0,1.25,0,0,0,0,2.5,1.5,0,2.5,1.25,0,0,1.25,0,3,0,0,0,0,0,0.16666666666666669,0,15,0,0,0,0,0,0,6.25,0,0,0,0,1,0,23.333333333333336,0,0,0,0,0,0,0,0,3.75,0,0,0,2.75,0,0,3.5,0,0,0,0,0,0,0,0,0,6.166666666666667,0,0,0,0,0,0,0,0,0,0.5,0,27.5,0,0,0,0,0,0,0,0,0,0,0,0,0,0,0,0,2.5,0,1.25,0,8.75,0,0,0,1.25,0,1.25,0,0,0,0,0,0,0,0,0,0,0,0,0,0,0,0,0,0,0,0,0,0,0,0,0,0,0,0,0,0,0,0,0,0,0,0,0,0,0,0,0,0,0,0,0,0,0,0,0,0,0,0,0,0,0,0,0,0,0,0,0,0,0,0,0,0,0,0,0,0,0,0,0,0,0,0,0,0,0,0,0,0,0,0,0,0,0,0,0,0,0,0,0,0,0,0,0,0,0,0,0,0,0,0,0,0,0,0,0,0,0,0,0,0,0,0,9
2016,NW Appledore,Sandpiper Beach,10,0,0,32.5,5,0,11.25,3.75,28.75,0.75,1.5,0,0,13.75,1.25,0,46.25,1.25,5,0,0,0,0,8.75,6.25,0,31.25,0,2.5,0,0,0,3.5,0,0,0,0,31.25,2.166666666666667,7.5,0,2.5,0,0,0,0,0,0,0,0,0,0,0,0,2.5,0,0,1.25,0,0,0,1.25,0,0,0,0,0,0,2.25,0,0,0,0,0,0,0,0,0,0,0,0,0,0,0,12.75,0,0,0,0,0,5,0,0,0,2.166666666666667,3.75,0,0,0,0,0,0,0,0.16666666666666669,0.5,0,17.5,0,1.25,0,0,0,0,0,0,0,0,2.5,0,0,0,0,0,2.5,0,0,0,8.75,0,0,0,0,0,0,0,0,0,0,0,0,0,0,0,0,0,0,0,0,0,0,0,0,0,0,0,0,0,0.5,0,7.5,0,0,0,2.5,0,0,0,0,0,0,0,0,0,0,0,0,0,0,0,0,0,0,0,0,1.25,0,0,0,0,0,0,0,0,0,0,0,0,0,0,0,0,0,0,0,0,0,0,0,0,0,0,0,0,0,0,0,0,0,0,0,0,0,0,0,0,0,0,0,0,0,0,0,0,0,0,0,0,0,0,0,0,0,0,0,0,0,0,0,0,0,6
2016,SW Appledore,North Pepperrell,2.5,0,0,76.25,0,0,0,5,2.5,2.5,5.25,1.25,0,0,1.25,65,67.5,0,0,0,0,2.5,0,0,4.25,0,0,0,2.25,1.25,1.25,0,2.75,0,0,0,0,5,0.8333333333333334,8.75,1.25,6.25,0,0,1.25,0,3,0,0,0,0,0,0.5,0,0,0.16666666666666669,0,0,0,0,0,1.25,0,0,0,0,0.16666666666666669,0,23.333333333333336,0,0,0,0,0,0,0,0,0,0,0,0,1.25,0,0,2.5,0,0,0,0,0,0,0,0,0,0.16666666666666666,0,0,0,0,0,0,0,0,0.5,0.08333333333333331,0,1.25,0,0,0,0,0,0,0,0,0,0,0,0,0,0,0,0,0,0,1.25,0,5,0,0,0,0,0,0,1.25,0,0,0,0,0,0,0,0,0,0,0,0,0,0,0,0,0,0,0,0,0,0,0.25,0,0,0,0,0,0,0,0,0,0,0,0,0,0,0,0,0,0,0,0,0,0,0,6.25,0,0,0,0,0,0,0,0,0,0,0,0,0,0,0,0,0,0,0,0,0,0,0,0,0,0,0,0,0,0,0,0,0,0,0,0,0,0,0,0,0,0,0,0,0,0,0,0,0,0,0,0,0,0,0,0,0,0,0,0,0,0,0,0,0,0,0,0,29
2016,SW Appledore,North Smith's Cove,2.5,0,0,65,0,0,6.25,10,6.25,1.5,0,0,0,1.25,0,52.5,88.75,0,0,0,0,3.75,1.25,0,2.75,0,0,0,2,0,0,0,1,0,0,0,0,0,1.0833333333333335,3.75,7.5,0,0,0,3.75,0,32,0.16666666666666669,0,0,0,0,0,0,1.25,0,0,1.25,0,0,0,7.5,0,0.16666666666666669,0,0,0,0,0,0,0,0,0,0,0,0,0,8.75,0,0,0,0,0,0,0.75,0,0,0.6666666666666666,0,0,2.5,0,0,0,0,0,0,0,0,0,0,0,0,0,0,0,0,0,0,0,0,0,0,0,0,0,0,0,0,0,0,0,0,0,0,0,0,1.25,0,0,0,0,0,1.25,0,0,0,0,0,0,0,0,0,0,0,0,0,0,0,0,0,0,0,0,0,0,0,2.25,0,0,0,0,0,0,0,0,0,0,0,0,0,0,0,0,0,0,0,0,0,0,0,0,0,0,0,0,0,0,0,0,0,0,0,0,0,0,0,0,0,0,0,0,0,0,0,0,0,0,0,0,0,0,0,0,0,0,0,0,0,0,0,0,0,0,0,0,0,0,0,0,0,0,0,0,0,0,0,0,0,0,0,0,0,0,0,0,0,0,0,0,27
2016,SW Appledore,South Pepperrell,2.5,0,0,62.5,1.25,0,0,10,10,3.5,4,0,0,1.25,1.25,43.75,76.25,1.25,0,0.5,1.25,11.25,1.25,1.25,4,0,0,0,2.25,0,0,0,3.25,0,0,0,0,5,1.6666666666666665,8.75,1.25,6.25,0,0,1.25,0,39,1.3333333333333335,0,0,0,0,0.5,0,3.75,0.16666666666666669,0,0,0,0,0,0,0,0.16666666666666669,0,1.25,0.5,0,17,0,0,0,0,0,0,27.75,0,2.5,0,0,0,0,0,0,1.25,0,0,0,0,2.5,2.5,0,0,0,0.33333333333333337,0,0,0,0,0,0,0,0,0.16666666666666666,0.25,0,0,0,0,0,0,0,0,0,0,0,0,0,0,0,0,0,0,0,0,0,0,1.25,0,0,0,0,17,0,0,0,0,0,5,0,0,0,0,0,0,0,1.25,0,0,0,0,0,0,0,0,0,0,0,0,0,0,0,0,0,0,0,0,0,0,0,0,0,0,0,0,0,0,0,0,0,0,0,0,0,0,0,0,0,1.25,0,0,0,0,0,0,0,0,0,0,0,0,0,0,0,0,0,0,0,0,0,0,0,0,0,0,0,0,0,0,0,0,0,0,0,0,0,0,0,0,0,0,0,0,0,0,0,0,0,0,0,0,0,0,0,0,0,0,0,0,0,28
2016,SW Appledore,South Smith's Cove,2.5,0,0,42.5,0,0,15,7.5,5,3.75,1.5,0,0,1.25,0,35,78.75,0,0,0,0,8.75,0,2.5,4.25,0,0,0,2,0,0,0,3,0,0,0,0,8.75,0,26.25,0,2.5,0,0,1.25,0,30.333333333333336,0,0,0,0,0,0,0,7.5,0,0,0,0,0,0,2.5,0,0,0,0,0,0,4.583333333333334,0,0,0,0,0,0,0,0,0,0,0,0,0,0,0,0,0,0,0,0,0,2.5,0,0,0,0,0,0,0,0,0,0,0,0,0.16666666666666669,0,0,0,0,0,0,0,0,0,0,0,0,0,0,0,0,0,0,0,0,0,0,1.25,0,0,0.33333333333333337,0,0,0,0,0,0,0,0,2.5,0,0,0,0,0,0,0,0,0,0,0,0,0,0,0,0,0,0,0,0,0,0,0,0,0,0,0,0,0,0,0,0,0,0,0,0,0,0,0,0,0,0,0,0,0,0,0,0,0,0,0,0,0,0,0,0,0,0,0,0,0,0,0,0,0,0,0,0,0,0,0,0,0,0,0,0,0,0,0,0,0,0,0,0,0,0,0,0,0,0,0,0,0,0,0,0,0,0,0,0,0,0,0,0,0,0,0,0,0,0,0,26
2017,NE Appledore,Broad Cove,10,0,0,33.75,0,0,26.25,13.75,6.25,0.25,0,32.5,0,0,17.5,3.75,13.75,1.25,3.75,0.16666666666666669,0,0,0,1.25,2,0,0,1.25,0,0,0,0,0.5,2.5,3,26.25,0,46.25,4.5,20,0,0,0,0,11.25,0,0,0,0,0,0,0,2.833333333333333,0,3.75,0,0,0,0,0,0,0,0,0,0,3.75,0,0,0,0,0,0,0,0,0,0,0,7.5,0,0,0,0,0,0,10.5,0,0,0,0,2.5,0,0,0,0,9.333333333333334,0,0,0,0,0,0,0,0,0,0,0,20,0,0,0,0,0,0,0,0,0,0,0,0,0,0,0,0,0,0,0,0,1.25,0,0,0,0,0,1.25,0,0,0,0,0,0,0,0,0,0,0,0,0,0,0,0,0,0,0,0,0,0,0,0,0,0,0,0,0,0,0,0,0,0,0,0,0,0,0,0,0,0,0,0,0,0,0,0,0,0,0,0,0,0,0,0,0,0,0,0,0,0,0,0,0,0,0,0,0,0,0,0,0,0,0,0,0,0,0,0,0,0,0,0,0,0,0,0,0,0,0,0,0,0,0,0,0,0,0,0,0,0,0,0,0,0,0,0,0,0,0,0,0,0,0,0,17
2017,NE Appledore,Broadway and 42nd,0,0,0,100,10,0,0,0,0,2,0.25,47.5,0,0,23.75,10,51.25,1.25,2.5,0,0,3.75,0,11.25,3.5,0,0,0,0.5,0,0,0,0.25,0,0,3.75,0,7.5,1.8333333333333335,0,0,0,0,0,0,0,0,0,0,0,0,0,0.5,0,12.5,0,0,1.25,0,0,5,0,0,0,0,0,0,0,0,0,0,0,0,0,0,0,0,0,7.5,0,0,0,0.16666666666666669,0,5.75,0,0,0,0,0,18.75,0,0,0,0.5,0,0,0,0,0,0,0,0,0,0.33333333333333337,0,2.5,0,0,0,0,0,0,0,0,0,0,0,0,0,0,0,0,0,0,2.5,0,7.5,0,0,0,0,0,0,0,0,0,0,0,0,0,0,0,0,0,0,0,0,0,0,0,0,0,0,0,0,0,0,0,0,0,0,0,0,0,0,0,0,0,0,0,0,0,0,0,0,0,0,0,0,0,0,0,0,0,0,0,0,0,0,0,0,0,0,0,0,0,0,0,0,1.25,0,0,0,0,0,0,0,0,0,0,0,0,0,0,0,0,0,0,0,0,0,0,0,0,0,0,0,0,0,0,0,0,0,0,0,0,0,0,0,0,0,0,0,0,0,0,0,0,0,14
2017,NE Appledore,Devil's Dance Floor,0,0,0,51.25,6.25,0,3.75,17.5,8.75,0.5,0.25,12.5,0,7.5,22.5,0,40,2.5,25,0,0,0,0,1.25,2.75,0,11.25,3.75,0,0,0,0,0.25,0,0,13.75,0,57.5,8.75,0,0,6.25,0,0,0,0,1,0,0,0,0.16666666666666669,0,0.16666666666666669,0,12.5,0,0,5,0,0,0,0,0,0.16666666666666669,0,0,0,0,0,0,0,0,12.5,0,0,0,0,0,6.25,0,0,0,3.333333333333333,1.25,1.25,1.25,0,0,0,0,10,0,0,0,0.33333333333333337,0,0,0,0,0,0,0,0,0.16666666666666669,0.33333333333333337,0,2.5,0,0,0,0,0,0,0,0,0,0,0,0,0,0,0,0,0,0,2.5,0,13.75,0,0,0,0,0,0,0,0,0,0,0,0,0,0,0,0,0,0,0,1.25,0,0,0,0,0,0,0,0,0,0,0,0,0,0,0,0,0,0,0,0,0,0,0,0,0,0,0,0,0,0,0,0,0,0,0,0,0,0,0,0,0,0,0,0,0,0,0,0,0,0,0,0,0,0,0,0,0,0,0,0,0,0,0,0,0,0,0,0,0,0,0,0,0,0,0,0,0,0,0,0,0,0,0,0,0,0,0,0,0,0,0,0,0,0,0,0,0,0,0,0,0,0,13
2017,NE Appledore,Norwegian Cove,2.5,0,0,88.75,0,1.25,10,0,0,1.25,1.5,13.75,0,0,28.75,6.25,7.5,0,0,0,0,5,0,3.75,3.5,0,3.75,1.25,0.25,0,0,0,0.5,1.25,49,58.75,0,20,2.5,1.25,0,0,2.5,0,1.25,0,0,0,0,0,0,0,0.33333333333333337,0,2.5,0,3.75,0,0,0,0,1.25,0,0,0,0,0,0,0,0,0,0,0,0,0,0,0,5,0,0,0,0,0,0,3,0,0,0,0,3.75,6.25,0,0,0,0.33333333333333337,0,0,0,0,0,0,0,0,0,0.16666666666666666,0,1.25,0,0,0,0,0,0,0,0,0,0,2.5,0,0,0,0,0,1.25,0,0,0,6.25,0,0,0,0,0,1.25,0,0,0,0,0,0,0,0,0,0,0,0,0,0,0,0,0,0,0,0,0,0,1.25,0,0,0,0,0,0,0,0,0,0,0,0,0,0,0,0,0,0,0,0,0,0,0,0,3.75,0,0,0,0,0,0,1.25,0,0,0,0,0,0,0,0,0,0,0,0,0,0,0,0,0,0,0,0,0,0,0,0,0,0,0,0,0,0,0,0,0,0,0,0,0,0,0,0,0,0,0,0,0,0,0,0,0,0,0,0,0,0,0,0,0,0,0,0,0,15
2017,NW Appledore,Larus Ledge,6.25,0,0,50,2.5,0,6.25,16.25,13.75,7.5,0,0,0,8.75,3.75,28.75,70,0,0,0,0,15,0,1.25,12.25,0,2.5,0,1.75,1.25,0,0,0.25,0,3.5,0,0,21.25,4.333333333333334,1.25,3.75,0,0,0,2.5,0,0,0,0,0,0,0,0,0,5,0,0,0,0,0,0,0,0,0,1.25,0,0,0,0.25,0,0,0,0,1.25,0,0,0,1.25,0,0,0,0,2,0,0.25,0,0,0,0,0,12.5,0,0,0,0,0,0,0,0,0,0,0,0,0,0.33333333333333337,0,0,0,0,0,0,1.25,0,0,0,0,0,0,0,0,0,0,0,0,0,1.25,1.25,2.5,0,0,0,0,0,0,0,0,0,0,0,0,0,0,0,0,0,0,0,0,0,0,0,0,0,0,0,0,0,0,0,0,0,0,0,0,0,0,0,0,0,0,0,0,0,0,0,0,0,0,0,0,0,0,0,0,0,0,0,0,0,0,0,0,0,0,0,0,0,0,0,0,0,0,0,0,0,0,0,0,0,0,0,0,0,0,0,0,0,0,0,0,0,0,0,0,0,0,0,0,0,0,0,0,0,0,0,0,0,0,0,0,0,0,0,0,0,0,0,0,0,0,7
2017,NW Appledore,Magic 8 Ball,0,0,0,28.75,2.5,0,12.5,16.25,11.25,0.75,0.25,1.25,0,11.25,12.5,13.75,45,5,1.25,1.5,0,6.25,0,0,4,0,5,0,0.25,0,0,1.25,1.25,0,3,8.75,0,25,4,6.25,5,7.5,0,0,2.5,0,0,0,0,0,0,0,0,0,3.75,0,0,0,0,0,0,0,0,0,2.5,0,0,0,0,0,0,0,1.25,0,0,0,0,2.5,2.5,0,0,0,0,0,1,0,0,0,0,3.75,11.25,0,0,0,0.16666666666666669,0,0,0,0,0,0,0,0,0.16666666666666666,0.33333333333333337,0,1.25,0,0,0,0,0,0,0,0,0,0,0,0,0,0,0,0,0,0,3.75,1.25,0,0,0,0,0,0,0,0,0,0,0,0,0,0,0,0,0,0,0,0,0,0,0,0,0,0,0,0,0,0,0,0,0,0,0,0,0,0,0,0,0,0,0,0,0,0,0,0,0,0,0,0,0,0,0,0,0,0,0,0,0,0,0,0,0,0,0,0,0,0,0,0,0,0,0,0,0,0,0,0,0,0,0,0,0,0,0,0,0,0,0,0,0,0,0,0,0,0,0,0,0,0,0,0,0,0,0,0,0,0,0,0,0,0,0,0,0,0,0,0,0,0,0,8
2017,NW Appledore,North Head,6.25,0,0,82.5,1.25,0,0,1.25,2.5,1,0.25,8.75,0,6.25,16.25,15,55,3.75,0,0.6666666666666667,0,5,0,1.25,4.25,0,6.25,0,0.25,5,0,2.5,1.25,0,0,8.75,0,28.75,1.8333333333333335,2.5,1.25,1.25,0,0,5,0,0,0,0,0,0,0,0.5,0,0,0,0,0,0,0,0,0,0,0.16666666666666669,3.75,0,0,0,0,0,0,0,0,0,0,0,0,2.5,0,0,0,0,0.33333333333333337,0,2.75,0,0,0,0,0,7.5,0,0,0,2.666666666666667,0,0,0,0,0,0,0,0,0.16666666666666666,0.33333333333333337,0,5,0,0,0,0,0,0,0,0,0,0,0,0,0,0,0,0,0,2.5,0,0,6.25,0,0,0,0,0,0,0,0,0,0,0,0,0,0,0,0,0,0,0,0,0,0,0,0,0,0,0,0,0,0,0,0,0,0,0,0,0,0,0,0,0,0,0,0,0,0,0,0,0,0,0,0,0,0,0,0,0,0,0,0,0,0,0,0,0,0,0,0,0,0,0,0,0,0,0,0,0,0,0,0,0,0,0,0,0,0,0,0,0,0,0,0,0,0,0,0,0,0,0,0,0,0,0,0,0,0,0,0,0,0,0,0,0,0,0,0,0,0,0,0,0,0,9
2017,NW Appledore,Sandpiper Beach,8.75,0,0,65,1.25,0,1.25,11.25,5,1.5,0.5,2.5,0,2.5,2.5,38.75,55,0,0,0.5,0,6.25,0,0,5.25,0,2.5,0,1.75,2.5,0,0,0.75,0,0,0,0,8.75,6,5,2.5,7.5,2.5,0,2.5,0,0,1.5,0,0,0,0,0,0,3.75,0,0,0,0,0,1.25,0,0,0,0,0,0,0,0.16666666666666669,0,0,0,0,0,0,0,0,0,0,0.25,0,0,0.5,0,1.25,0,0,0,0,0,3.75,0,0,0,0.16666666666666669,0,0,0,0,0,0,0,0,1.5,0,0,0,0,0,0,0,0,0,0,0,0,0,0,0,0,0,0,0,1.25,0,2.5,0,1.25,0,0,0,0,0,0,0,0,0,0,0,0,0,0,0,0,0,0,0,0,0,0,0,0,0,0,0,0,0,0,0,0,0,0,0,0,0,0,0,0,0,0,0,0,0,0,0,0,0,0,0,0,0,1.25,0,0,0,0,0,0,0,0,0,0,0,0,0,0,0,0,0,0,0,0,0,0,0,0,0,0,0,0,0,0,0,0,0,0,0,0,0,0,0,0,0,0,0,0,0,0,0,0,0,0,0,0,0,0,0,0,0,0,0,0,0,0,0,0,0,0,0,0,6
2017,SW Appledore,North Pepperrell,10,0,0,90,5,0,0,2.5,0,2.75,1,0,0,0,0,40,83.75,1.25,0,0,0,10,0,1.25,3.25,0,0,0,0.75,0,0,0,1.5,0,0,0,0,0,1,0,0,7.5,0,0,0,0,1.5,0,0,0,0,0,0,0,6.25,0,0,0,0,0,0,0,0,0.16666666666666666,0,0,0.16666666666666669,0,2.833333333333333,0,0,0,0,0,0,0,0,2.5,0,0,0,0,1.3333333333333333,0,0.5,0,0,0,0,0,10,0,0,0,0,0,0,0,0,0,0,0,0,0.33333333333333337,0,0,0,0,0,0,0,0,0,0,0,0,0,0,0,0,0,0,0,1.25,0,1.25,0,5,0,0,0,0,0,0,0,0,0,0,0,0,0,0,0,0,0,0,0,0,0,0,0,0,0,0,0,0,0,0,0,0,0,0,0,0,0,0,0,0,0,0,0,0,0,0,0,0,0,0,0,0,0,0,0,0,0,0,0,0,0,0,0,0,0,0,0,0,0,0,0,0,0,0,0,0,0,0,0,0,0,0,0,0,0,0,0,0,0,0,0,0,0,0,0,0,0,0,0,0,0,0,0,0,0,0,0,0,0,0,0,0,0,0,0,0,0,0,0,0,0,0,29
2017,SW Appledore,North Smith's Cove,0,0,0,52.5,0,0,0,0,0,5.25,0.5,0,0,0,0,28.75,76.25,6.25,1.25,0.16666666666666669,0,2.5,0,1.25,4.25,0,1.25,0,0.5,0,0,0,0.5,0,0,0,0,16.25,1.75,6.25,26.25,15,0,0,0,0,0,0,0,0,0,0,0.16666666666666669,0,1.25,0.33333333333333337,0,1.25,0,0,0,0,0,0,0,0,0.41666666666666663,0,0,0,0,0,0,1.25,0,0,0,1.25,0,0,0,0,2.1666666666666665,0,0,0,0,0,0,0,5,0,0,0,0,0,0,0,0,0,0,0,0,0.33333333333333337,0,0,0,0,0,0,0,0,0,0,0,0,0,0,0,0,0,0,0,0,0,2.5,0,0,0,0,0,0,0,1.25,0,0,0,0,0,0,0,0,0,0,0,0,0,0,0,0,0,0,0,0,0,0,0,0,0,0,0,0,0,0,0,0,0,0,0,0,0,0,0,0,0,0,0,0,0,0,0,0,0,0,0,0,0,0,0,0,0,0,0,0,0,0,0,0,0,0,0,0,0,0,0,0,0,0,0,0,0,0,0,0,0,0,0,0,0,0,0,0,0,0,0,0,0,0,0,0,0,0,0,0,0,0,0,0,0,0,0,0,0,0,0,0,0,0,0,0,27
2017,SW Appledore,South Pepperrell,2.5,0,0,72.5,3.75,0,0,15,1.25,1.5,1,0,0,0,0,42.5,71.25,0,1.25,0.16666666666666669,0,10,0,6.25,4.5,0,1.25,0,0.5,0,0,0,0,0,0,0,0,1.875,0.8333333333333333,6.25,0,5,1.25,0,6.25,0,0,0,0,0,0,0,0,0,5,0,0,0,0,0,0,0,0,0,0,0,0.33333333333333337,0,0.5,0,0,0,0,1.25,0,0,0,2.5,0,0,0,0,0.8333333333333333,0,1.25,0,0,0,0,0,5,0,0,0,0,0,0,0,0,0,0,0,0,0.16666666666666669,0.16666666666666669,0,0,0,0,0,0,0,0,0,0,0,0,0,0,0,0,0,0,0,0,2.5,0,0,0,0,0,0,0,0,0,0,0,0,0,0,0,0,0,0,0,0,0,0,0,0,0,0,0,0,0,0,0,0,0,0,0,0,0,0,0,0,0,0,0,0,0,0,0,0,0,0,0,0,0,0,0,0,0,0,0,0,0,0,0,0,0,0,0,0,0,0,0,0,0,0,0,0,0,0,0,0,0,0,0,0,0,0,0,0,0,0,0,0,0,0,0,0,0,0,0,0,0,0,0,0,0,0,0,0,0,0,0,0,0,0,0,0,0,0,0,0,0,0,0,0,28
2017,SW Appledore,South Smith's Cove,1.25,0,0,23.75,3.75,0,0,6.25,42.5,2.75,0.75,0,0,0,0,27.5,76.25,0,0,0,0,0,0,0,5,0,0,0,2.5,0,0,0,0.25,0,2.3333333333333335,0,0,10,3.416666666666666,11.25,10,6.25,0,0,2.5,0,1,0,0,0,0,0,0,0,0,0.33333333333333337,0,0,0,0,0,0,0,0.16666666666666669,0,0,0,0,0,0,0,0,0,3.75,0,0,0,0,0,0,0,0,3.666666666666667,0,0.5,0,0,0,0,3.75,12.5,0,0,0,0,0,0,0,0,2.5,0,0,0,0.16666666666666669,0.16666666666666669,0,0,0,0,0,0,0,0,0,0,0,0,0,0,0,0,0,0,0,0,1.25,1.25,0,0,0.16666666666666666,0,0,0,0,0,0,0,0,0,0,0,1.25,0,0,0,0,0,0,0,0,0,0,0,0,0,0,0,0,0,0,0,0,0,0,0,0,0,0,0,0,0,0,0,0,0,0,0,0,0,0,0,0,0,0,0,0,0,0,0,0,0,0,0,0,0,0,0,0,0,0,0,0,0,0,0,0,0,0,0,0,0,0,0,0,0,0,0,0,0,0,0,0,0,0,0,0,0,0,0,0,0,0,0,0,0,0,0,0,0,0,0,0,0,0,0,0,0,0,0,0,26
2018,NE Appledore,Broad Cove,15,0,0,97.5,0,0,0,0,2.5,0.25,0.5,21.25,0,0,17.5,6.25,2.5,1.25,0,0,0,10,0,2.5,0.875,0,0,6.25,0.25,0,0,0,0,0,0,23.75,3.75,25,7.583333333333334,0,0,0,0,0,0,1.25,9.5,0,0,0,0,0,0.6666666666666666,0,15,0.33333333333333337,0,0,0,0,0,2.5,0,0,0,0,0,0,0.9166666666666667,0,1.25,0,0,0,0,0,0,6.25,2.5,0,0,0.25,1.5,0,0,0,0,0,0,0,3.75,0,0,0,0,0,0,0,0,0,0,0,0,0.6666666666666667,0,0,0,0,0,0,0,0,0,0,0,0,0,0,0,0,0,0,0,0,0,6.25,0,1.25,0,0,0,0,0,0,0,0,0,0,0,0,0,0,0,0,0,0,0,0,0,0,0,0,0,0,0,0,0,0,0,0,0,0,0,0,0,0,0,0,0,0,0,0,0,0,0,0,0,0,0,0,0,1.25,0,0,0,0,0,0,0,0,0,0,0,0,0,0,0,0,0,0,0,0,0,0,0,0,0,0,0,0,0,0,0,0,0,0,0,0,0,0,0,0,0,0,0,0,0,0,0,0,0,0,0,0,0,0,0,0,0,0,0,0,0,0,0,0,0,0,0,0,17
2018,NE Appledore,Broadway and 42nd,3.75,0,0,62.5,5,0,33.75,0,2.5,0.25,0,36.25,0,0,23.75,1.25,8.75,0,1.25,0,0,12.5,0,0,2.75,0,0,2.5,0.25,0,0,0,0,0,3,47.5,1.25,15,6.416666666666666,0,0,1.25,0,0,0,0,59,0,0,0,0,0,0,0,3.75,0.16666666666666669,0,0,0,0,0,0,0,0,0,0,0,0,0.5,0,0,0,0,0,0,0,0,2.5,0,0,0,0,2.6666666666666665,0,0,0,0,0,0,5,5,0,0,0,0.16666666666666669,0,0,0,0,0,0,0,0,0.16666666666666666,0.16666666666666669,0,0,0,0,0,0,0,0,0,0,0,0,0,0,0,0,0,0,0,0,0,0,1.25,0,0,0,0,0,11.25,0,0,0,0,0,0,0,0,0,0,0,0,0,0,0,0,0,0,0,0,0,0,0,0,0,0,0,0,0,0,0,0,0,0,0,0,0,0,0,0,0,0,0,0,0,0,0,0,0,0,0,0,0,0,0,0,0,0,0,0,0,0,0,0,0,0,0,0,0,0,0,0,0,0,0,6.25,13.5,0,0,0,0,0,0,0,0,0,0,0,0,0,0,0,0,0,0,0,0,0,0,0,0,0,0,0,0,0,0,0,0,0,0,0,0,0,0,0,14
2018,NE Appledore,Devil's Dance Floor,3.75,0,0,75,7.5,1.25,2.5,8.75,12.5,0.75,0.75,32.5,0,0,20,3.75,12.5,3.75,0,0.16666666666666669,0,10,0,0,3.5,0,0,8.75,0.25,0,0,0,0,0,0,35,0,20,4.833333333333334,0,1.25,0,0,0,0,0,12.333333333333334,0,0,0,0,0,0.16666666666666669,0,3.75,0.8333333333333333,0,0,0,0,0,1.25,0,0,0,0,0.16666666666666669,0,0.9166666666666667,0,2.5,0,0,0,0,0,0,2.5,0,0,0,0.25,1.5,0,0.25,0,0,0,0,11.25,1.25,0,0,0,0,0,0,0,0,0,0,0,0,0,0,0,0,0,0,0,0,0,0,0,0,0,0,0,0,0,0,0,0,2.5,0,1.25,1.25,0,0,0,0,0,0,7.5,0,0,0,0,0,0,0,0,0,0,0,0,0,0,0,0,0,0,0,0,0,0,0,0,0,0,0,0,0,0,0,0,0,0,0,0,0,0,0,0,0,0,0,0,0,0,0,0,0,0,0,0,0,0,0,0,0,0,0,0,0,0,0,0,0,0,0,0,0,0,0,0,0,0,0,2.5,0,0,0,0,0,0,0,0,0,0,0,0,0,0,0,0,0,0,0,0,0,0,0,0,0,0,0,0,0,0,0,0,0,0,0,0,0,0,0,0,13
2018,NE Appledore,Norwegian Cove,0,0,0,58.75,2.5,0,15,1.25,17.5,0.25,0,20,0,0,22.5,2.5,7.5,2.5,10,0.6666666666666666,0,1.25,1.25,1.25,1.5,0,0,1.25,0.5,0,0,0,0,0,0,46.25,7.5,27.5,8.916666666666668,5,2.5,0,0,0,1.25,0,31.666666666666664,0,0,0,0,0,0,0,6.25,0,0,0,0,0,0,1.25,0,0,1.25,0,0,0,0.16666666666666669,0,0,0,2.5,0,0,0,0,2.5,0,0,0.25,0,5.666666666666667,0,0.5,0,0,0,0,1.25,0,0,0,0,0,0,0,0,0,0,0,0,0,0,0,0,0,0,0,0,0,0,0,0,0,0,0,0,0,0,0,0,0,0,0,2.5,0,6.25,0,0,0,0,0,3.75,0,0,0,0,0,0,0,0,0,0,0,0,0,0,0,0,0,0,0,0,0,0,0,0,0,0,0,0,0,0,0,0,0,0,0,0,0,0,0,0,0,0,0,0,0.25,0,0,0,0,0,0,0,0,0,0,0,0,0,0,0,0,0,0,0,0,0,0,0,0,0,0,0,0,0,0,0,0,0,0,0,0,0,0,0,0,0,0,0,0,0,0,0,0,0,0,0,0,0,0,0,0,0,0,0,0,0,0,0,0,0,0,0,0,0,0,0,15
2018,NW Appledore,Larus Ledge,0,0,0,23.75,0,0,5,31.25,17.5,4,0,10,0,0,1.25,23.75,62.5,0,2.5,0,0,5,0,0,6,0,0,2.5,0.5,1.25,0,0,1,0,0,5,0,15,0.9166666666666667,7.5,5,10,0,0,0,1.25,11.5,0,0,0,0,0,0.5833333333333333,0,2.5,0,0,0,0,0,0,2.5,0,0,1.25,0,0,0,0,0,0,0,0,0,0,0,0,2.5,0,0.25,0,0,0.5,0,5.25,0,0,0,0,1.25,3.75,0,0,0,2.1666666666666665,0,0,0,0,0,0,0,0,0,0.8333333333333333,0,6.25,0,0,0,0,0,0,0,0,0,0,0,0,0,0,0,0,1.25,0,1.25,0,2.5,0,0,0,0,0,0,0,0,0,0,0,0,0,0,0,0,0,0,0,0,0,0,0,0,0,0,0,0,0,0,0,0,0,0,0,0,0,0,0,0,0,0,0,0,0,0,0,0,0,0,0,0,0,1.25,0,0,0,0,0,0,0,0,0,0,0,0,0,0,0,0,0,0,0,0,0,0,0,0,0,0,0,0,0,0,0,0,0,0,0,0,0,0,0,0,0,0,0,0,0,0,0,0,0,0,0,0,0,0,0,0,0,0,0,0,0,0,0,0,0,0,0,0,7
2018,NW Appledore,Magic 8 Ball,0,0,0,17.5,1.25,0,16.25,10,46.25,3.5,0,10,0,0,6.25,20,62.5,0,5,0,0,2.5,0,1.25,4,0,0,6.25,0.5,0,0,0,1,0,0,1.25,1.25,30,3,2.5,7.5,0,0,0,0,0,48.5,0,0,0,0,0,0.33333333333333337,0,6.25,0.16666666666666666,0,0,0,0,0,1.25,0,0.16666666666666666,3.75,0,0,0,0,0,0,0,0,0,0,0,0,0,0,0,0,3,0,0,0.75,0,0,0,0,11.25,2.5,0,0,0,0,0,0,0,0,0,0,0,0,0.16666666666666666,0.6666666666666666,0,0,0,0,0,0,0,3.75,0,0,0,0,0,0,0,0,0,0,1.25,0,0,0,0,0,0,0,0,0,1.25,0,0,0,0,0,0,0,0,0,0,0,0,0,0,0,0,0,0,0,0,0,0,0,0,0,0,0,0,0,0,0,0,0,0,0,0,0,0,0,0,0,0,0,0,0,0,0,0,0,0,0,0,0,0,0,0,0,0,0,0,0,0,0,0,0,0,0,0,0,0,0,0,0,0,0,0,0,0,0,0,0,0,0,0,0,0,0,0,0,0,0,0,0,0,0,0,0,0,0,0,0,0,0,0,0,0,0,0,0,0,0,0,0,0,0,0,8
2018,NW Appledore,North Head,5,0,0,68.75,2.5,0,13.75,0,15,2,0.5,11.25,0,1.25,8.75,22.5,25,0,0,0,0,0,0,13.75,3.25,0,0,2.5,2,1.25,0,0,0.5,0,0,41.25,8.75,17.5,1.6666666666666665,1.25,0,0,0,0,1.25,0,72,0,0,0,0,0,0.41666666666666663,0,5,0,0,0,0,0,1.25,0,0,0.33333333333333337,0,0,0,0,1.5833333333333335,0,0,0,0,0,0,0,0,3.75,0,0,0,0,0.6666666666666667,0,3,0,0,0,0,0,0,0,0,0,2.166666666666667,0,0,0,0,0,0,0,0,0,0.33333333333333337,0,6.25,0,0,0,0,0,0,0,0,0,0,0,0,0,0,0,0,1.25,0,1.25,0,6.25,0,0,0,0,0,1.25,0,0,0,0,0,0,0,0,0,0,0,0,0,0,0,0,0,0,0,0,0,0,0,0,0,0,0,0,0,0,0,0,0,0,0,0,0,0,0,0,0,0,0,0,0,0,0,0,0,0,0,0,0,0,0,0,32,0,0,0,0,0,0,0,0,0,0,0,0,0,0,0,0,0,0,0,0,0.16666666666666666,0,0,0,0,0,0,0,0,0,0,0,0,0,0,0,0,0,0,0,0,0,0,0,0,0,0,0,0,0,0,0,0,0,0,0,0,0,0,9
2018,NW Appledore,Sandpiper Beach,0,0,0,0,0,0,0,0,0,4.5,0,0,0,0,0,0,0,0,0,0,0,0,0,0,4.25,0,0,0,0.5,0,0,0,0.75,0,0,0,0,0,0.6666666666666667,0,0,0,0,0,0,0,16.666666666666668,0,0,0,0,0,0.16666666666666669,0,0,0.16666666666666669,0,0,0,0,0,0,0,0,0,0,0.33333333333333337,0,0.16666666666666666,0,0,0,0,0,0,0,0,0,0,0,0.25,0,0,0,0,0,0,0,0,0,0,0,0,0,0,0,0.25,0,0,0,0,0,0,0.16666666666666669,0.33333333333333337,0,0,0,0,0,0,0,0,0,0,0,0,0,0,0,0,0,0,0,0,0,0,0,0,0,0,0,0,0,0,0,0,0,0,0,0,0,0,0,0,0,0,0,0,0,0,0,0,0,0,0,0,0,0,0,0,0,0,0,0,0,0,0,0,0,0,0,0,0,0,0,0,0,0,0,0,0,0,0,0,0,0,0,0,0,0,0,0,0,0,0,0,0,0,0,0,0,0,0,0,0,0,0,0,0,0,0,0,0,0,0,0,0,0,0,0,0,0,0,0,0,0,0,0,0,0,0,0,0,0,0,0,0,0,0,0,0,0,0,0,0,0,0,0,0,6
2018,SW Appledore,North Pepperrell,1.25,0,0,87.5,0,0,2.5,1.25,7.5,9,0,2.5,0,0,0,47.5,73.75,2.5,10,0,0,13.75,0,0,4.25,0,0,8.75,0.75,0,0,0,1.75,0,0,0,0,12.5,0.9166666666666666,0,0,1.25,0,0,1.25,0,31.333333333333332,0,0,0,0,0,0.3333333333333333,0,0,0,0,0,0,0,0,0,0,0,0,0,0,0,20.333333333333336,0,0,0,0,0,0,0,0,1.25,0,0,0,0,0,0,0.5,0,0,0,0,1.25,2.5,0,0,0,0,0,0,0,0,0,0,0,0,0.16666666666666669,0.33333333333333337,0,0,0,0,0,0,0,6.25,0,0,0,0,0,0,0,0,0,0,0,0,0,0,0,0,0,0,0,0,0,0,0,0,0,1.25,0,0,1.25,0,0,0,0,0,0,0,0,0,0,0,0,0,0,0,0,0,0,0,0,0,0,0,0,0,0,0,0,0,0,0,0,0,0,0,0,0,0,0,0,0,0,0,0,0,0,0,0,0,0,0,0,0,0,0,0,0,0,0,0,0,0,0,0,0,0,0,0,0,0,0,0,0,0,0,0,0,0,0,0,0,0,0,0,0,0,0,0,0,0,0,0,0,0,0,0,0,0,0,0,0,0,0,0,0,0,0,0,29
2018,SW Appledore,North Smith's Cove,1.25,0,0,7.5,2.5,0,13.75,16.25,47.5,1.5,0,0,0,0,6.25,35,72.5,1.25,17.5,1253.6666666666665,0,3.75,0,0,2,0,0,6.25,0.25,0,0,0,0.75,0,0,0,0,10,1.4166666666666665,11.25,3.75,0,0,0,0,0,23.333333333333332,0,0,0,0,0,0,0,1.25,0,0,0,0,0,0,0,0,0,2.5,0,0.16666666666666669,0,0.16666666666666666,0,0,0,0,0,0,0,0,0,0,0,0,0,0.5,0,0.5,0,0,0,0,13.75,1.25,0,0,0,0,0,0.25,0,0,0,0,0,0,0,0,0,0,0,0,0,0,0,0,0,0,0,0,0,0,0,0,0,0,0,0,0,0,0,0,0,0,0,0,0,0,0,0,0,0,0,0,1.25,0,0,0,0,0,0,0,0,0,0,0,0,0,0,0,0,0,0,0,0,0,0,0,0,0,0,0,0,0,0,0,0,0,0,0,0,0,0,0,0,0,0,0,0,0,0,0,0,0,0,0,0,0,0,0,0,0.16666666666666666,0,0,0,0,0,0,0,0,0,0,0,0,0,0,0,0,0,0,0,0,0,0,0,0,0,0,0,0,0,0,0,0,0,0,0,0,0,0,0,0,0,0,0,0,0,0,0,0,0,0,0,27
2018,SW Appledore,South Pepperrell,2.5,0,0,23.75,1.25,0,0,40,10,3,0,10,0,6.25,1.25,37.5,61.25,8.75,2.5,0,0,1.25,0,1.25,6.25,0,0,2.5,1.25,3.75,0,0,0.5,0,0,0,0,5,2.833333333333333,10,0,10,0,0,1.25,0,6,0,0,0,0,0,0.5,0,2.5,0,0,0,0,0,0,1.25,0,0,1.25,0,0.16666666666666666,0,0.16666666666666669,0,0,0,0,0,0,0,0,5,0,0,0,0,0.33333333333333337,0,9.875,0,0,0,0,0,0,0,0,0,1,0,0,0,0,0,0,0,0,0,0,0,1.25,0,0,0,0,0,0,0,0,0,0,0,0,0,0,0,0,0,1.25,0,0,2.5,0,0,0,0,0,0,1.25,0,0,0,0,0,0,0,0,0,0,0,0,0,0,0,0,0,0,0,0,0,0,0,0,0,0,0,0,0,0,0,0,0,0,0,0,0,0,0,0,0,0,0,0,0,0,0,0,0,0,0,0,0,0,0,0,0,0,0,0,0,0,0,0,0,0,0,0,0,0,0,0,0,0,0,0,0,0,0,0,0,0,0,0,0,0,0,0,0,0,0,0,0,0,0,0,0,0,0,0,0,0,0,0,0,0,0,0,0,0,0,0,0,0,0,28
2018,SW Appledore,South Smith's Cove,0,0,0,52.5,1.25,0,0,6.25,1.25,3,0,0,0,0,0,36.25,81.25,0,10,0.16666666666666669,0,2.5,0,0,3,0,0,0,0.5,0,0,0,0.5,0,0,0,0,3.75,0.33333333333333337,15,25,0,0,0,1.25,0,20.333333333333332,0,0,0,0,0,0,0,3.75,0.33333333333333337,0,0,0,0,0,0,0,1,1.25,0,0.16666666666666669,0,4.25,0,0,0,0,0,0,0,0,2.5,0,0,0,0,0.6666666666666666,0,0,0,0,0,0,0,0,0,0,0,0,0,0,0,0,0,0,0,0,0.5,0.33333333333333337,0,0,0,0,0,0,0,0,0,0,0,0,1.25,0,0,0,0,0,0,0,0,0,5,0,0,0,0,0,0,0,0,0,0,0,0,0,1.25,0,0,0,0,0,0,0,0,0,0,0,0,0,0,0,0,0,0,0,0,0,0,0,0,0,0,0,0,0,0,0,0,0,0,0,0,0,0,0,0,0,0,0,0,0,0,0,0,0,0,0,0,0,0,0,0,0,0,0,0,0,0,0,0,0,0,0,0,0,0,0,0,0,0,0,0,0,0,0,0,0,0,0,0,0,0,0,0,0,0,0,0,0,0,0,0,0,0,0,0,0,0,0,0,0,0,0,0,26
2019,NE Appledore,Broad Cove,5,0,0,91.25,0,2.5,0,0,0,2.75,0.25,15,0,7.5,25,3.75,1.25,0,0,1,0,5,1.25,0,4.25,0,0,0,0,0,0,0,0.75,0,0,58.75,0,10,1.6666666666666667,0,0,1.25,0,0,1.25,0,4,0,0,0,0,0,0,0,11.25,0.16666666666666669,0,0,0,0,0,1.25,0,0,0,0,0.16666666666666666,0,0,1.25,0,0,0,0,0,0,0,6.25,0,0,0,0,2.666666666666667,0,0.25,0,0,0,0,0,1.25,0,0,0,0,0,0,0,0,0,0,0,0,0,0.5,0,0,0,0,0,0,3.75,0,0,0,0,0,0,0,0,0,0,0,0,0,2.5,0,6.25,0,0,0,0,0,0,0,0,0,0,0,0,0,0,0,0,0,0,0,0,0,0,0,0,0,0,0,0,0,0,0,0,0,0,0,0,0,0,0,0,0,0,0,0,0,0,0,0,0,0,0,0,0,0,0,0,0,0,0,0,0,0,0,5,0,0,0,0,0,0,0,0,0,0,0,0,0,0,0,0,0,0,0,0,0,0,0,0,0,0,0,0,0,0,0,0,0,0,0,0,0,0,0,0,0,0,0,0,0,0,0,0,0,0,0,0,0,0,0,0,0,0,17
2019,NE Appledore,Broadway and 42nd,5,0,0,80,3.75,1.25,15,0,0,2.25,0,47.5,0,3.75,15,3.75,8.75,2.5,0,0,0,5,3.75,3.75,2,0,0,5,0.25,0,0,0,1,0,7.5,28.75,0,41.25,2.166666666666667,0,0,1.25,0,0,0,0,11.5,0,0,0,0,0,0,0,7.5,0,0,0,0,0,1.25,0,0,0.6666666666666667,0,0,0,0,2,0,0,0,0,0,0,0,0,5,0,0,0,0,0.16666666666666666,0,1,0,0,0,0,0,1.25,0,0,0,0,0,0,0,0,0,0,0,0,0,0,0,0,0,0,0,0,0,0,0,0,0,0,0,0,0,0,0,0,0,0,1.25,0,2.5,0,0,0,0,0,0,0,0,0,0,0,0,0,0,0,0,0,0,0,0,0,0,0,0,0,0,0,0,0,0,0,0,0,0,0,0,0,0,0,0,0,0,0,0,0,0,0,0,0,0,0,0,0,0,0,0,0,0.25,0,0,0,0,0,2.5,0,0,0,0,0,0,0,0,0,0,0,0,0,0,0,0,0,0,0,0,0,0,0,0,0,0,0,0,0,0,0,0,0,0,0,0,0,0,0,0,0,0,0,0,0,0,0,0,0,0,0,0,0,0,0,0,0,0,14
2019,NE Appledore,Devil's Dance Floor,3.75,0,0,73.75,5,0,16.25,3.75,2.5,3,0.25,11.25,0,3.75,16.25,6.25,46.25,6.25,0,0,0,22.5,0,2.5,3,0,0,2.5,0.5,0,0,0,1.5,0,0,13.75,0,5,0.75,0,0,0,0,0,0,0,13,0,0,0,0,0,0,0,3.75,0,1.25,0,0,0,0,0,0,0.5,0,0,0,0,3,0,0,0,0,0,0,0,0,3.75,0,0,0,0.25,1.6666666666666665,0,0.25,0,0,0,0,0,7.5,0,0,0,0.5,0,0,0,0,0,0,0,0,0,0.33333333333333337,0,1.25,0,0,0,0,0,0,0,0,0,0,0,0,0,0,0,0,2.5,0,0,0,2.5,0,0,0,0,0,0,0,0,0,0,0,0,0,1.25,0,0,0,0,0,0,0,0,0,0,0,0,0,0,0,0,0,0,0,0,0,0,0,0,0,0,0,0,0,0,0,0,0,0,0,0,0,0,0,0,0,0,0,0,0,0,0,0,0,0,0,0,0,0,0,0,0,0,0,0,0,0,0,0,0,0,0,0,0,0,0,0,0,0,0,0,0,0,0,0,0,0,0,0,0,0,0,0,0,0,0,0,0,0,0,0,0,0,0,0,0,0,0,0,0,0,0,0,13
2019,NE Appledore,Norwegian Cove,1.25,0,0,92.5,0,0,3.75,0,0,2.5,0.25,13.75,0,0,17.5,17.5,6.25,1.25,0,0.16666666666666669,0,3.75,1.25,2.5,4.5,0,0,1.25,0,1.25,0,0,0.5,0,20,67.5,0,18.75,1.4166666666666665,0,3.75,0,0,0,1.25,0,2.5,0,0,0,0,0,0,0,3.75,0,0,0,0,0,0,1.25,0,0,0,1.25,0.33333333333333337,0,0,0,0,0,0,0,0,0,0,5,0,0,0,0,0,0,0.5,0,0,0,0,2.5,1.25,0,0,0,0,0,0,0,0,0,0,0,0,0,0.16666666666666669,0,0,0,0,0,0,0,0,0,0,0,0,0,1.25,0,0,0,0,0,0,0,0,3.75,0,0,0,0,0,0,0,0,0,0,0,0,0,0,0,0,0,0,0,0,0,0,0,0,0,0,0,0,0,0,0,0,0,0,0,0,0,0,0,0,0,0,0,0,0,0,0,0,0,0,0,0,0,0,0,0,0,0,0,0,0,0,0,2.5,0,0,0,0,0,0,0,0,0,0,0,0,0,0,0,0,0,0,0,0,0,0,0,0,0,0,0,0,0,0,0,0,0,0,0,0,0,0,0,0,0,0,0,0,0,0,0,0,0,0,0,0,0,0,0,0,0,0,15
2019,NW Appledore,Larus Ledge,5,0,0,66.25,2.5,0,3.75,3.75,8.75,1.5,1,1.25,0,0,5,26.25,48.75,3.75,0,0,0,21.25,0,2.5,2.5,0,0,2.5,0,0,0,0,0.5,0,0,0,0,8.75,0.8333333333333333,0,3.75,8.75,0,0,7.5,0,17.5,0.8333333333333333,0,0,0,0,0,0,6.25,0.16666666666666669,0,1.25,0,0,0,0,0,0,0,0,0.6666666666666667,0,2.833333333333333,0,0,0,1.25,0,0,0,0,2.5,0,0,0,0,0.6666666666666667,0,0,0,0,0,0,0,2.5,0,0,0,0,0,0,1.25,0,0,0,0,0,0.16666666666666669,0.16666666666666669,0,0,0,0,0,0,0,0,0,0,0,0,0,0,0,0,0,0,0,0,7.5,0,0,0,0,0,0,0,0,0,0,0,0,0,0,0,0,0,0,0,0,0,0,0,0,0,0,0,0,0,0,0,0,0,0,0,0,0,0,0,0,0,0,0,0,0,0,0,0,0,0,0,0,0,0,0,0,0,0,0,0,0,0,0,0,0,0,0,0,0,0,0,0,0,0,0,0,0,0,0,0,0,0,0,0,0,0,0,0,0,0,0,0,0,0,0,0,0,0,0,0,0,0,0,0,0,0,0,0,0,0,0,0,0,0,0,0,0,0,0,0,0,0,0,0,7
2019,NW Appledore,Magic 8 Ball,3.75,0,0,81.25,2.5,1.25,1.25,1.25,1.25,1,1,6.25,0,0,7.5,35,72.5,2.5,0,0,0,6.25,0,2.5,2.5,0,0,1.25,0,0,0,0,1.5,0,0,0,0,12.5,0.7777777777777779,0,6.25,10,0,0,5,0,0,1.1666666666666667,0,0,0,0,0,0,1.25,0,0,0,0,0,0,1.25,0,0,1.25,0,0.16666666666666669,0,5,0,0,0,0,0,0,0,0,1.25,1.25,0,0,0,0.25,0,0.5,0,0,0,0,2.5,1.25,0,0,0,0,0,0,0,0,0,0,0,0,0.16666666666666666,0,0,0,0,0,0,0,0,0,0,0,0,0,0,0,0,0,0,0,0,0,1.25,0,0,0,0,0,0,0,0,0,0,0,0,0,0,0,0,0,0,0,0,0,0,0,0,0,0,0,0,0,0,0,0,0,0,0,0,0,0,0,0,0,0,0,0,0,0,0,0,0,0,0,0,0,0,0,0,0,0,0,0,0,0,0,0,0,0,0,0,0,0,0,0,0,0,0,0,0,0,0,0,0,0,0,0,0,0,0,0,0,0,0,0,0,0,0,0,0,0,0,0,0,0,0,0,0,0,0,0,0,0,0,0,0,0,0,0,0,0,0,0,0,0,0,0,8
2019,NW Appledore,North Head,27.5,0,0,30,0,1.25,1.25,7.5,1.25,0,1.25,6.25,0,0,6.25,18.75,45,2.5,0,0.16666666666666666,0,7.5,2.5,1.25,1.25,0,0,0,1.25,0,0,0,1,1.25,0,3.75,0,1.25,0.5,0,1.25,0,0,0,0,0,0,0,0,0,0,0,0,0,10,0,0,0,0,0,0,0,0,0,0,0,0.16666666666666666,0,6.75,0,0,0,0,0,0,0,0,1.25,0,0,0,0,0.16666666666666666,0,0,0,0,0,0,1.25,3.75,0,0,0,0,0,0.25,0,0,0,0,1.25,0,0,0.16666666666666669,0,3.75,0,0,0,0,2.5,0,0,0,0,0,0,0,0,0,0,0,0,0,5,0,2.5,0,0,0,0,0,0,0,0,0,0,0,0,0,1.25,0,0,0,0,0,0,0,0,0,0,0,0,0,0,0,0,0,0,0,0,0,0,0,0,0,0,0,0,0,0,0,0,0,0,0,0,0,0,0,1.25,0,0,0,0,0,0,0,0,0,0,0,0,0,0,0,0,0,0,0,0,0,0,0,0,0,0.16666666666666669,0,0,0,0,0,0,0,0,0,0,0,0,0,0,0,0,0,0,0,0,0,0,0,0,0,0,0,0,0,0,0,0,0,0,0,0,0,0,0,0,0,0,9
2019,NW Appledore,Sandpiper Beach,6.25,0,0,51.25,0,0,0,21.25,3.75,0.75,0,5,0,1.25,2.5,3.75,66.25,18.75,0,1.1666666666666667,0,2.5,0,1.25,2.5,0,0,2.5,0,2.5,0,0,0,0,0,7.5,0,21.25,1.0833333333333333,11.25,1.25,10,0,0,18.75,0,15,0,0,0,0,0,0,0,1.25,0.33333333333333337,0,0,0,0,0,2.5,0,0.5,6.25,1.25,0,0,0,0,0,0,0,0,0,0,0,0,0,0,0,0,1.5,0,0.5,0,0,0,0,1.25,2.5,0,0,0,0.8333333333333333,0,0,0,0,0,0,0,0,0,0.6666666666666666,0,2.5,0,0,0,0,0,0,0,0,0,0,0,0,0,0,0,0,0,0,0,0,0,0,0,0,0,0,0,0,0,0,0,0,0,0,0,0,0,0,0,0,0,0,0,0,0,0,0,0,0,0,0,0,0,0,0,0,0,0,0,0,0,0,0,0,0,0,0,0,0,0,0,0,0,0,0,0,0,0,0,0,0,0,0,0,0,0,0,0,0,0,0,0,0,0,0,0,0,0,0,0,0,0,0,0,0,0,0,0,0,0,0,0,0,0,0,0,0,0,0,0,0,0,0,0,0,0,0,0,0,0,0,0,0,0,0,0,0,0,0,0,0,0,0,6
2019,SW Appledore,North Pepperrell,5,0,0,82.5,0,0,0,2.5,6.25,1.75,1.25,0,1.25,0,0,52.5,80,0,0,0.6666666666666667,0,10,0,2.5,3,0,0,1.25,0,0,0,0,0.25,0,0,0,0,8.75,0.16666666666666669,0,0,8.75,0,0,13.75,0,0,0,0,0,0,0,0,0,7.5,0.33333333333333337,0,2.5,0,0,0,0,0,0.33333333333333337,0,0,0.16666666666666669,0,1,0,0,0,0,0,0,0,0,0,0,0,0,0,3,0,0,0,0,0,0,0,2.5,0,0,0,0,0,0,0,0,0,0,0,0,0.16666666666666666,0.5,0,0,0,0,0,0,1.25,0,0,0,0,0,0,0,0,0,0,0,0,0,0,0,0,0,0,0,0,0,0,0,0,0,0,0,0,0,0,0,0,0,0,0,0,0,0,0,0,0,0,0,0,0,0,0,0,0,0,0,0,0,0,0,0,0,0,0,0,0,0,0,0,0,0,0,0,0,1.25,0,0,0,0,0,0,0,0,0,0,0,0,0,0,0,0,0,0,0,0,0,0,0,0,0,0,0,0,0,0,0,0,0,0,0,0,0,0,0,0,0,0,0,0,0,0,0,0,0,0,0,0,0,0,0,0,0,0,0,0,0,0,0,0,0,0,0,0,29
2019,SW Appledore,North Smith's Cove,0,0,0,55,2.5,0,0,5,3.75,0.75,1.25,2.5,0,0,2.5,27.5,75,12.5,0,0.16666666666666669,0,8.75,0,1.25,3.75,0,0,0,5,0,0,0,1.75,0,0,0,0,25,0.5833333333333333,11.25,21.25,3.75,0,0,7.5,0,42,0,0,0,0,0,0.16666666666666669,0,1.25,0,0,2.5,0,0,0,1.25,0,0.6666666666666666,1.25,0,0,0,0.33333333333333337,0,0,0,0,0,0,0,0,0,0,0,0,0,1,0,0,0,0.16666666666666669,0,0,1.25,2.5,0.16666666666666669,0,0,0,0,0,0,0,0,0,0,0,0.16666666666666666,0.16666666666666666,0,0,0,0,0,0,0,0,0,0,0,0,0,0,0,0,0,0,0,0,0,1.25,0,0,0,0,0,0,0,0,0,0,0,0,0,0,0,0,0,0,0,0,0,0,0,0,0,0,0,0,0,0,0,0,0,0,0,0,0,0,0,0,0,0,0,0,0,0,0,0,0,0,0,0,0,0,0,0,0,0,0,0,0,0,0,0,0,0,0,0,0,0,0,0,0,0,0,0,0,0,0,0,0,0,0,0,0,0,0,0,0,0,0,0,0,0,0,0,0,0,0,0,0,0,0,0,0,0,0,0,0,0,0,0,0,0,0,0,0,0,0,0,0,0,0,27
2019,SW Appledore,South Pepperrell,3.75,0,0,88.75,0,0,2.5,0,0,5.25,0.75,0,0,0,1.25,77.5,81.25,1.25,0,0,0,2.5,0,1.25,2.5,0,0,0,0,0,0,0,0.75,0,0,1.25,0,0,0.5,0,3.75,5,0,0,8.75,0,0,0,0,0,0,0,0,0,0,1,0,0,0,0,0,1.25,0,0.5,0,0,0,0,5.5,0,0,0,0,0,0,0,0,0,0,0,0,0,3.5,0,0,0,0,0,0,0,0,0,0,0,0,0,0,0,0,0,0,0,0,0.6666666666666667,0.33333333333333337,0,0,0,0,0,0,0,0,0,0,0,0,0,0,0,0,0,0,0,0,2.5,0,0,0,0,0,0,0,0,0,0,0,0,0,0,0,0,0,0,0,0,0,0,0,0,0,0,0,0,0,0,0,0,0,0,0,0,0,0,0,0,0,0,0,0,0,0,0,0,0,0,0,0,0,0,0,1.25,0,0,0,0,0,0,0,0,0,0,0,0,0,0,0,0,0,0,0,0,0,0,0,0,0,0,0,0,0,0,0,0,0,0,0,0,0,0,0,0,0,0,0,0,0,0,0,0,0,0,0,0,0,0,0,0,0,0,0,0,0,0,0,0,0,0,0,0,28
2019,SW Appledore,South Smith's Cove,0,0,0,80,0,0,0,2.5,0,2.75,1,1.25,0,0,0,46.25,70,2.5,0,0,0,5,0,1.25,1.75,0,0,3.75,1,0,0,0,1.75,0,0,1.25,0,8.75,0.25,15,2.5,0,0,0,5,0,11,0,0,0,0,0,0,0,2.5,1.5,0,0,0,0,0,2.5,0,0.5,0,0,0,0,0,0,0,0,0,0,0,0,0,2.5,0,0,0,0,1.1666666666666665,0,0,0,0,0,0,0,0,0,0,0,0,0,0,0,0,0,0,0,0,0,0,0,0,0,0,0,0,0,0,0,0,0,0,0,0,0,0,0,0,0,0,1.25,0,0,0,0,0,0,0,0,0,0,0,0,0,0,0,0,0,0,0,0,0,0,0,0,0,0,0,0,0,0,0,0,0,0,0.16666666666666666,0,0,0,0,0,0,0,0,0,0,0,0,0,0,0,0,0,0,0,0,0,0,0,0,0,0,0,0,0,0,0,0,0,0,0,0,0,0,0,0,0,0,0,0,0,0,0,0,0,0,0,0,0,0,0,0,0,0,0,0,0,0,0,0,0,0,0,0,0,0,0,0,0,0,0,0,0,0,0,0,0,0,0,0,0,0,0,0,0,26
2021,NE Appledore,Broad Cove,0,0,0,70,0,0,6.25,10,8.75,3.5,2.75,35,0,0,6.25,1.25,1.25,0,0,0.16666666666666669,0,1.25,0,0,5.75,0,0,3.75,0,32.5,0,0,1,1.25,0,35,0,35.625,26.083333333333336,0,0,5,0,0,0,0,5,0,0,0,0,0,0,0,2.5,0,0,0,0,0,1.25,0,0,0,0,2.5,0.16666666666666666,0,2,0,0,0,0,0,0,0,0,1.25,1.25,0,0.5,0,0,0,0,0,0,0,0,0,2.5,0,0,0,0.16666666666666669,0,0,0,0,0,0,0,0,0,0.16666666666666666,0,0,0,0,0,0,3.75,0,0,0,0,0,0,0,0,0,0,0,0,0,0,0,5,0,0,0,0,0,0,0,0,0,0,0,0,0,0,0,0,0,0,0,0,0,0,0,0,0,0,0,0,0,0,0,0,0,0,0,0,0,0,0,0,0,0,0,0,0,0,0,0,0,0,0,0,0,0,0,0,0,0,0,0,0,0,0,0,0,0,0,0,0,0,0,0,0,0,0,0,0,0,0,0,0,0,0,0,0,0,0,0,0,0,0,0,0,0,0,0,0,0,0,0,0,0,0,0,0,0,0,0,0,0,0,0,0,0,0,0,0,0,0,0,0,0,17
2021,NE Appledore,Broadway and 42nd,5,1.0833333333333335,0,71.25,1.25,0,17.5,2.5,6.25,4.75,2.25,36.25,0,0,11.25,6.25,2.5,2.5,0,0.33333333333333337,0,1.25,0,0,1.75,0,0,2.5,0.5,28.75,0,0,0.25,0,0,23.75,0,48.75,13.416666666666668,0,0,2.5,0,0,1.25,0,5,0,0,0,0.75,0,0,0,1.25,0.16666666666666666,0,0,0,0,0,0,0,0,0,0,0.8333333333333333,0,1.833333333333333,0,0,0,0,0,0,0,0,3.75,0,0,15.25,8,1,0,0,0,0,0,0,1.25,3.75,0,0,0,0,0,0,0,0,0,0,1.25,0,0.6666666666666667,0.33333333333333337,0,0,0,0,0,0,12.5,0,0,0,0,0,0,0,0,0,0,0,0,0,1.25,0,3.75,0,0.16666666666666666,0,0,0,0,0,0,0,0,0,0,0,0,0,0,0,0,0,0,0,0,0,0,0,0,0,0,0,0,0,0,0,0,0,0,0,0,0,0,0,0,0,0,0,0,0,0,0,0,0,0,0,0,0,0,0,0,0,0,0,0,0,0,0,0,0,0,0,0,0,0,0,0,0,0,0,0,0,0,0,0,0,0,0,0,0,0,0,0,0,0,0,0,0,0,0,0,0,0,0,0,0,0,0,0,0,0,0,0,0,0,0,0,0,0,0,0,0,0,0.16666666666666666,0,14
2021,NE Appledore,Devil's Dance Floor,0,0,0,51.25,8.75,0,20,12.5,15,12.25,8,22.5,0,0,13.75,2.5,5,8.75,0,0,0,7.5,0,0,4.75,0,0,3.75,1,0,0,0,1.5,1.25,0,50,0,18.75,0,0,0,1.25,0,1.25,8.75,0,21,0,0,0,0,0,0,0,3.75,0,0,0,0,0,1.25,0,0,0,0,1.25,0,0,0,0,1.25,1.25,1.25,0,0,0,0,1.25,0,0,1.25,0.5,0,1.25,0,0,0,0,0,0,6.25,0,0,0,0,0,0,0,0,0,0,5,0,0,0,0,0,0,0,0,0,10,0,0,0,0,0,0,0,0,0,0,0,0,0,0,0,0,0,0,0,0,0,0,0,0,0,0,0,0,0,0,0,0,0,0,0,0,0,0,0,0,0,0,0,0,0,0,0,0,0,0,0,0,0,0,0,0,0,0,0,0,0,0,0,0,0,0,0,0,0,0,0,0,0,0,0,0,2.5,0,0,0,0,0,0,0,0,0,0,0,0,0,0,0,0,0,0,0,0,0,0,0,0,0,0,0,0,0,0,0,0,0,0,0,0,0,0,0,0,0,0,0,0,0,0,0,0,0,0,0,0,0,0,0,0,0,0,0,0,0,13
2021,NE Appledore,Norwegian Cove,0,0,0,47.5,5,1.25,16.25,1.25,28.75,1.75,2,28.75,0,0,23.75,1.25,1.25,0,1.25,0.6666666666666667,0,3.75,0,0,2.5,0,0,0,0.5,7.5,0,0,1.25,0,0,38.75,0,28.125,31.75,0,2.5,3.75,0,0,2.5,0,2.5,0,0,0,0,0,0,0,6.25,0,0,0,0,0,0,0,0,0,3.75,1.25,0,0,0,0,0,0,0,0,0,0,0,1.25,6.25,0,0,0,0.16666666666666666,0,0,0,0,0,0,0,2.5,0,0,0,0,0,0,0,0,0,0,1.875,0,0,0.16666666666666669,0,0,0,0,0,0,5,0,0,0,0,0,0,0,0,0,0,0,0,0,0,0,1.25,0,0,0,0,0,0,0,0,0,0,0,0,0,1.25,0,0,0,0,0,0,0,0,0,0,0,0,0,0,0,0,0,0,0,0,0,0,0,0,0,0,0,0,0,0,0,0,0,0,0,0,0,0,0,0,0,0,0,0,0,0,0,1.25,0,0,0,0,0,0,0,0,0,0,0,0,0,0,0,0,0,0,0,0,0,0,0,0,0,0,0,0,0,0,0,0,0,0,0,0,0,0,0,0,0,0,0,0,0,0,0,0,0,0,0,0,0,0,0,0,0,0,0,0,15
2021,NW Appledore,Devil's Dance Floor,0,0,0,0,0,0,0,0,0,0,0,0,0,0,0,0,0,0,0,0,0,0,0,0,0,0,0,0,0,0,0,0,0,0,0,0,0,0,19.583333333333332,0,0,0,0,0,0,0,0,0,0,0,0,0,0,0,0,0.16666666666666666,0,0,0,0,0,0,0,0,0,0,0,0,0,0,0,0,0,0,0,0,0,0,0,0,0,0,4.5,0,0,0,0,0,0,0,0,0,0,0,0,0,0,0,0,0,0,0,0,1,0.33333333333333337,0,0,0,0,0,0,0,0,0,0,0,0,0,0,0,0,0,0,0,0,0,0,0,0,0,0,0,0,0,0,0,0,0,0,0,0,0,0,0,0,0,0,0,0,0,0,0,0,0,0,0,0,0,0,0,0,0,0,0,0,0,0,0,0,0,0,0,0,0,0,0,0,0,0,0,0,0,0,0,0,0,0,0,0,0,0,0,0,0,0,0,0,0,0,0,0,0,0,0,0,0,0,0,0,0,0,0,0,0,0,0,0,0,0,0,0,0,0,0,0,0,0,0,0,0,0,0,0,0,0,0,0,0,0,0,0,0,0,0,0,0,0,0,0,0,NA
2021,NW Appledore,Larus Ledge,1.25,0,0,47.5,3.75,1.25,10,20,1.25,1.5,5,1.25,0,0,6.25,35,76.25,0,0,0,0,10,0,0,5.5,0,0,0,4,0,0,0,2.5,0,0,3.75,0,5,5.5,2.5,6.25,12.5,0,0,3.75,0,15,0,0,0,0,0,0.16666666666666669,0,2.5,0.33333333333333337,0,0,0,0,0,0,0,0,0,0,0.5,0,0,0,0,0,0,0,0,0,0,0,0,0,2.75,1,0,0,0,0,0,0,0,1.25,3.75,0,0,0,0,0,0,0,0,0,0,0,0,0.16666666666666669,0.5,0,0,0,0,0,0,3.75,0,0,0,0,0,0,0,0,0,0,0,0,0,0,0,0,0,0,0,0,0,2.5,0,0,0,0,0,0,0,0,0,0,0,0,0,0,0,0,0,0,0,0,0,0,0,0,0,0,0,0,0,0,0,0,0,0,0,0,0,0,0,0,0,0,0,0,0,0,0,1.25,0,0,0,0,0,0,0,0,0,0,0,0,0,0,0,0,0,0,0,0,0,0,0,0,0,0,0,0,0,0,0,0,0,0,0,0,0,0,0,0,0,0,0,0,0,0,0,0,0,0,0,0,0,0,0,0,0,0,0,0,0,0,0,0,0,0,0,0,7
2021,NW Appledore,Magic 8 Ball,0,0,2.5,15,2.5,1.25,33.75,16.25,18.75,1,2.5,5,1.25,1.25,1.25,15,51.25,2.5,0,0,0,5,0,0,1.75,0,0,2.5,1,3.75,0,0,0.75,0,0,21.25,0,25,4.25,0,2.5,12.5,0,0,3.75,0,20,0,0,0,0.16666666666666666,0,0.5,0,3.75,0.33333333333333337,0,0,0,0,1.25,0,0,0,0,0,0.16666666666666669,0,0.16666666666666666,0,0,0,1.25,0,0,0,0,1.25,1.25,0,0,0.75,0.16666666666666669,0,5,0,0,0,0,1.25,3.75,0,0,0,0.8333333333333333,0,0,0,0,0,0,0,0,0.16666666666666666,1,0,3.75,0,0,0,0,15,0,0,0,0,0,0,0,0,0,0,0,0,0,0,1.25,0,0,0,0,0,0,1.25,0,0,0,0,0,0,0,0,0,0,0,0,0,0,0,0,0,0,0,0,0,0,0,0,0,0,0,0,0,0,0,0,0,0,0,0,0,0,0,0,0,0,0,0,0,0,0,0,0,0,0,0,0,0,0,0,0,0,0,0,0,0,0,0,0,0,0,0,0,0,0,0,0,0,0,0,0,0,0,0,0,0,0,0,0,0,0,0,0,0,0,0,0,0,0,0,0,0,0,0,0,0,0,0,0,0,0,0,0,0,0,0,0,0,0,0,8
2021,NW Appledore,North Head,3.75,0,0,90,2.5,0,0,2.5,1.25,3,5.5,8.75,3.75,5,15,25,70,1.25,0,0,0,3.75,0,0,4.25,0,0,0,3.25,0,0,0,3.75,0,0,13.75,0,15,5.416666666666666,0,0,1.25,0,1.25,2.5,0,15,0,0,0,0,0,0,0,8.75,0.5,0,0,0,0,0,2.5,0,0.33333333333333337,1.25,1.25,0.16666666666666669,0,0,0,0,0,0,0,0,0,0,1.25,1.25,0,0.75,0.75,0.6666666666666667,0,0,0,0.16666666666666669,0,0,0,1.25,0,0,0,0.5,0,0,0,0,0,0,0,0,0.5,0.33333333333333337,0,0,0,0,0,0,6.25,0,0,0,0,0,1.25,0,0,0,0,0,1.25,0,0,0,0,0,0,0,0,0,1.25,0,0,0,0,0,0,0,0,0,0,0,0,0,0,0,0,0,0,0,0,0,0,0,0,0,0,0,0,0,0,0,0,0,0,0,0,0,0,0,0,0,0,0,0,0,0,0,0,0,0,0,0,0,0,1.25,0,0,0,0,0,0,0,0,0,0,0,0,0,0,0,0,0,0,0,0,0,0,0,0,0,0,0,0,0,0,0,0,0,0,0,0,0,0,0,0,0,0,0,0,0,0,0,0,0,0,0,0,0,0,0,0,0,0,0,0,0,9
2021,NW Appledore,Sandpiper Beach,0,0.25,0,75,7.5,0,1.25,1.25,7.5,5.25,6.5,1.25,1.25,0,5,16.25,78.75,0,0,0,0,7.5,0,0,3,0,0,0,7.5,2.5,0,0,3,0,0,7.5,0,6.25,6.25,2.5,11.25,1.25,0,0,2.5,0,19,0,0,0,0.33333333333333337,0,0,0,3.75,0.16666666666666666,0,0,0,0,0,0,0,0.16666666666666669,3.75,0,0.6666666666666667,0,0,0,0,0,0,0,0,0,0,2.5,1.25,0,3.75,3,0,0,0,0,0,0,0,1.25,6.25,0,0,0,0,0,0,0,0,0,0,0,0,0.5,0.5,0,0,0,0,0,0,0,0,0,0,0,0,0,0,0,0,0,0,0,0,0,0,0,0,0,0,0,0,13.75,0,0,0,0,0,0,0,2.5,0,0,0,0,0,0,0,0,0,0,0,0,0,0,0,0,0,0,0,0,0,0,0,0,0,0,0,0,0,0,0,0,0,0,0,0,0,0,0,0,0,0,0,0,0,0,0,0,0,0,0,0,0,0,0,0,0,0,0,0,0,0,0,0,0,0,0,0,0,0,0,0,0,0,0,0,0,0,0,0,0,0,0,0,0,0,0,0,0,0,0,0,0,0,0,0,0,0,0,0,0,0,0,0,0,0,0,0,6
2021,SW Appledore,North Pepperrell,0,0.75,1.25,10,2.5,0,12.5,6.25,58.75,2.5,2.25,2.5,2.5,1.25,5,31.25,77.5,0,0,0,0,12.5,0,1.25,3.75,0,0,0,1,0,0,0,1.25,0,0,1.25,0,11.25,1.25,0,0,11.25,0,0,3.75,0,64.33333333333333,0,0,0,0.8333333333333333,0,0,0,0,0,0,0,0,0,0,0,0,0.16666666666666669,1.25,0,0.6666666666666667,0,0.16666666666666669,0,0,0,1.25,0,0,0,0,0,0,0,5.5,2,0.5,0,1.5,0,0,0,0,5,1.25,0,0,0,0,0,0,0,0,0,0,0,0,0.16666666666666666,1.3333333333333333,0,0,0,0,0,0,1.25,0,0,0,0,0,0,0,0,0.6666666666666667,0,0,0,0,0,0,0,0,0,0,0,0,5,0,0,0,0,0,0,0,0,0,0,0,0,0,0,0,0,0,0,0,0,0,0,0,0,0,0,0,0,0,0,0,0,0,0,0,0,0,0,0,0,0,0,0,0,0,0,0,1.25,0,0,0,0,0,0,0,0,0,0,0,0,0,0,0,0,0,0,0,0,0,0,0,0,0,0,0,0,0,0,0,0,0,0,0,0,0,0,0,0,0,0,0,0,0,0,0,0,0,0,0,0,0,0,0,0,0,0,0,0,0,0,0,0,0,0,0,0,29
2021,SW Appledore,North Smith's Cove,0,0,0,48.75,0,1.25,1.25,15,1.25,1,7,0,1.25,5,3.75,22.5,82.5,2.5,0,0,0,3.75,0,2.5,1.5,0,0,0,2.5,5,0,0,1.25,0,0,6.25,0,6.875,5.333333333333334,1.25,21.25,6.25,0,0,0,0,4,0,0,0,0,0,0,0,2.5,0.5,0,0,0,0,0,0,0,0,1.25,0,0.6666666666666666,0,0,0,0,0,0,1.25,0,0,0,2.5,0,0,0.5,0,0,0,0,0,0,0,0,1.25,1.25,0,0,0,0,0,0,0,0,0,0,0,0,0.6666666666666667,0.16666666666666666,0,0,0,0,0,0,0,0,0,0,0,0,0,0,0,1.3333333333333335,0,0,0,0,1.25,0,0,0,0,0,0,0,0,0,0,0,0,0,0,0,1.25,0,0,0,0,0,0,0,0,0,0,0,0,0,0,0,0,0,0,0,0,0,0,0,0,0,0,0,0,0,0,0,0,0,0,0,0,0,0,0,0,0,0,0,0,0,0,0,0,0,0,0,0,0,0,0,0,0,0,0,0,0,0,0,0,0,0,0,0,0,0,0,0,0,0,0,0,0,0,0,0,0,0,0,0,0,0,0,0,0,0,0,0,0,0,0,0,0,0,0,0,0,0,0,0,0,0,0.16666666666666666,0.16666666666666669,27
2021,SW Appledore,South Pepperrell,0,0,0,32.5,6.25,1.25,11.25,21.25,5,1.25,1.25,0,0,1.25,0,15,65,3.75,0,0,0,17.5,0,1.25,2,0,0,0,3,5,0,0,1.25,0,0,5,0,8.75,2.916666666666667,3.75,1.25,23.75,0,0,2.5,0,8.5,0,0,0,0,0,0,0,3.75,0.33333333333333337,0,0,0,0,1.25,0,0,0,1.25,0,0.8333333333333333,0,0.16666666666666666,0,0,0,0,0,0,0,0,1.25,0,0,0.5,1.25,0,0,0,0,0,0,0,2.5,6.25,0,0,0,0,0,0,0,0,0,0,0,0,0.16666666666666669,0.5,0,0,0,0,0.5,0,0,0,0,0,0,0,0,0,0,0.16666666666666669,0,0,0,0,0,0,1.25,0,0,0,0,0,1.25,0,0,0,0,0,0,0,1.25,0,0,0,0,0,0,0,0,0,0,0,0,0,0,0,0,1.25,0,0,0,0,0,0,0,0,0,0,0,0,0,0,0,0,0,0,0,0,0,0,0,0,0,0,0,0,0,0,0,0,0,0,0,0,0,0,0,0,0,0,0,0,0,0,0,0,0,0,0,0,0,0,0,0,0,0,0,0,0,0,0,0,0,0,0,0,0,0,0,0,0,0,0,0,0,0,0,0,0,0,0,0,0,0,0,0,0,0,0,28
2021,SW Appledore,South Smith's Cove,0,0,0,50,1.25,0,1.25,35,0,2,11,1.25,0,0,1.25,20,82.5,0,1.25,0,0,8.75,0,2.5,3,0,0,1.25,1.75,11.25,0,0,0.25,0,0,1.25,0,5,2.583333333333333,2.5,11.25,0,0,0,2.5,0,2,0,0,0,0,0,0,0,6.25,0.16666666666666669,0,0,0,0,0,0,0,0.16666666666666669,3.75,0,0,0,0,0,0,0,0,2.5,0,0,0,2.5,0,0,0,0.5,0,0,0,0,0,0,0,3.75,0,0,0,0,0,0,0,0,0,0,0,0,0,0.33333333333333337,0.8333333333333333,0,0,0,0,0,0,0,0,0,0,0,0,0,0,0,0.5,0,0,0,0,0,0,0,0,0,0,0,0,0,0,0,0,0,0,0,0,1.25,0,0,0,0,0,0,0,0,0,0,0,0,0,0,0,0,2.5,0,0,0,0,0,0,0,0,0,0,0,0,0,0,0,0,0,0,0,0,0,0,0,0,0,0,0,0,0,0,0,0,0,0,0,0,0,0,0,0,0,0,0,0,0,0,0,0,0,0,0,0,0,0,0,0,0,0,0,0,0,0,0,0,0,0,0,0,0,0,0,0,0,0,0,0,0,0,0,0,0,0,0,0,0,0,0,0,0,0.16666666666666669,0,26
